file,phase,strain,area,mean,minimum,maximum,bg_mean,measured_by,exp_id
drdr1_exp_1,exp,drdr1,878,951.131,683,1256,252.696,N,1
drdr1_exp_1,exp,drdr1,436,645.828,449,991,252.696,N,1
drdr1_exp_1,exp,drdr1,892,856.377,599,1156,252.696,N,1
drdr1_exp_1,exp,drdr1,876,728.099,498,1017,252.696,N,1
drdr1_exp_1,exp,drdr1,910,724.034,565,935,252.696,N,1
drdr1_exp_1,exp,drdr1,784,824.583,530,1041,252.696,N,1
drdr1_exp_1,exp,drdr1,356,610.323,469,890,252.696,N,1
drdr1_exp_2,exp,drdr1,1140,635.812,373,977,264.671,S,1
drdr1_exp_2,exp,drdr1,812,613.687,462,747,264.671,S,1
drdr1_exp_2,exp,drdr1,926,565.116,374,725,264.671,S,1
drdr1_exp_2,exp,drdr1,952,709.978,466,921,264.671,S,1
drdr1_exp_2,exp,drdr1,1034,700.383,465,944,264.671,S,1
drdr1_exp_2,exp,drdr1,512,500.98,368,675,264.671,S,1
drdr1_exp_3,exp,drdr1,968,864.561,651,1107,256.971,N,1
drdr1_exp_3,exp,drdr1,890,929.656,680,1154,256.971,N,1
drdr1_exp_3,exp,drdr1,494,571.68,402,807,256.971,N,1
drdr1_exp_3,exp,drdr1,920,955.748,609,1243,256.971,N,1
drdr1_exp_3,exp,drdr1,348,565.966,442,717,256.971,N,1
drdr1_exp_3,exp,drdr1,812,746.133,509,1095,256.971,N,1
drdr1_exp_4,exp,drdr1,986,901.941,524,1232,236.729,S,1
drdr1_exp_4,exp,drdr1,1091,801.538,602,1144,236.729,S,1
drdr1_exp_4,exp,drdr1,1073,987.454,733,1322,236.729,S,1
drdr1_exp_4,exp,drdr1,812,735.53,556,1250,236.729,S,1
drdr1_exp_4,exp,drdr1,1034,596.169,413,794,236.729,S,1
drdr1_exp_4,exp,drdr1,915,518.317,413,663,236.729,S,1
drdr1_exp_4,exp,drdr1,1136,681.02,532,918,236.729,S,1
drdr1_exp_4,exp,drdr1,843,490.905,359,615,236.729,S,1
drdr1_exp_4,exp,drdr1,212,493.759,363,597,236.729,S,1
drdr1_st_1,st,drdr1,846,180.372,139,225,206.495,N,1
drdr1_st_1,st,drdr1,934,301.855,224,380,206.495,N,1
drdr1_st_1,st,drdr1,230,238.113,176,303,206.495,N,1
drdr1_st_1,st,drdr1,842,182.686,113,227,206.495,N,1
drdr1_st_1,st,drdr1,844,252.828,184,320,206.495,N,1
drdr1_st_1,st,drdr1,728,243.67,192,302,206.495,N,1
drdr1_st_1,st,drdr1,832,183.285,139,243,206.495,N,1
drdr1_st_1,st,drdr1,1008,190.995,151,253,206.495,N,1
drdr1_st_1,st,drdr1,698,195.244,137,245,206.495,N,1
drdr1_st_1,st,drdr1,948,191.674,137,248,206.495,N,1
drdr1_st_1,st,drdr1,800,188.784,137,230,206.495,N,1
drdr1_st_1,st,drdr1,1166,189.852,137,249,206.495,N,1
drdr1_st_1,st,drdr1,504,221.651,157,353,206.495,N,1
drdr1_st_1,st,drdr1,702,268.808,196,353,206.495,N,1
drdr1_st_1,st,drdr1,714,221.094,146,296,206.495,N,1
drdr1_st_1,st,drdr1,690,215.641,170,306,206.495,N,1
drdr1_st_1,st,drdr1,684,197.488,134,252,206.495,N,1
drdr1_st_1,st,drdr1,856,200.165,153,254,206.495,N,1
drdr1_st_1,st,drdr1,730,201.344,138,248,206.495,N,1
drdr1_st_1,st,drdr1,772,616.078,416,791,206.495,N,1
drdr1_st_1,st,drdr1,492,631.646,466,842,206.495,N,1
drdr1_st_1,st,drdr1,868,298.876,160,680,206.495,N,1
drdr1_st_1,st,drdr1,916,185.093,129,231,206.495,N,1
drdr1_st_1,st,drdr1,746,185.475,130,233,206.495,N,1
drdr1_st_1,st,drdr1,974,191.069,123,239,206.495,N,1
drdr1_st_1,st,drdr1,814,194.057,135,250,206.495,N,1
drdr1_st_1,st,drdr1,1184,195.595,133,254,206.495,N,1
drdr1_st_1,st,drdr1,706,214.458,143,284,206.495,N,1
drdr1_st_1,st,drdr1,676,196.441,154,261,206.495,N,1
drdr1_st_1,st,drdr1,768,194.878,139,246,206.495,N,1
drdr1_st_1,st,drdr1,858,192.105,131,252,206.495,N,1
drdr1_st_1,st,drdr1,806,205.599,155,263,206.495,N,1
drdr1_st_1,st,drdr1,616,208.657,152,266,206.495,N,1
drdr1_st_1,st,drdr1,782,344.168,253,450,206.495,N,1
drdr1_st_1,st,drdr1,846,201.322,156,257,206.495,N,1
drdr1_st_1,st,drdr1,618,202.359,146,250,206.495,N,1
drdr1_st_1,st,drdr1,738,199.444,149,261,206.495,N,1
drdr1_st_1,st,drdr1,786,191.77,154,231,206.495,N,1
drdr1_st_1,st,drdr1,816,201,141,272,206.495,N,1
drdr1_st_1,st,drdr1,794,194.674,137,245,206.495,N,1
drdr1_st_1,st,drdr1,928,205.441,150,261,206.495,N,1
drdr1_st_1,st,drdr1,774,205.258,165,260,206.495,N,1
drdr1_st_1,st,drdr1,682,208.519,156,262,206.495,N,1
drdr1_st_1,st,drdr1,600,208.905,152,263,206.495,N,1
drdr1_st_1,st,drdr1,672,207.332,158,273,206.495,N,1
drdr1_st_1,st,drdr1,978,197.097,152,253,206.495,N,1
drdr1_st_1,st,drdr1,1128,199.979,149,254,206.495,N,1
drdr1_st_1,st,drdr1,786,196.407,152,243,206.495,N,1
drdr1_st_1,st,drdr1,612,209.472,161,266,206.495,N,1
drdr1_st_1,st,drdr1,572,209.17,173,267,206.495,N,1
drdr1_st_1,st,drdr1,670,203.401,166,251,206.495,N,1
drdr1_st_1,st,drdr1,686,209.787,152,294,206.495,N,1
drdr1_st_1,st,drdr1,976,213.832,158,294,206.495,N,1
drdr1_st_1,st,drdr1,748,208.798,164,257,206.495,N,1
drdr1_st_1,st,drdr1,1158,208.349,160,301,206.495,N,1
drdr1_st_1,st,drdr1,1034,203.652,156,261,206.495,N,1
drdr1_st_1,st,drdr1,756,198.632,118,269,206.495,N,1
drdr1_st_1,st,drdr1,712,202.44,149,265,206.495,N,1
drdr1_st_1,st,drdr1,956,246.99,164,653,206.495,N,1
drdr1_st_1,st,drdr1,726,354.377,185,539,206.495,N,1
drdr1_st_1,st,drdr1,990,244.981,141,685,206.495,N,1
drdr1_st_1,st,drdr1,812,238.623,160,426,206.495,N,1
drdr1_st_1,st,drdr1,888,207.731,126,251,206.495,N,1
drdr1_st_1,st,drdr1,618,219.405,159,332,206.495,N,1
drdr1_st_1,st,drdr1,712,204.664,149,264,206.495,N,1
drdr1_st_1,st,drdr1,832,202.603,165,245,206.495,N,1
drdr1_st_1,st,drdr1,556,200.536,0,249,206.495,N,1
drdr1_st_1,st,drdr1,872,202.327,143,246,206.495,N,1
drdr1_st_1,st,drdr1,1012,185.004,135,241,206.495,N,1
drdr1_st_1,st,drdr1,1096,188.97,139,242,206.495,N,1
drdr1_st_1,st,drdr1,1206,189.593,141,234,206.495,N,1
drdr1_st_1,st,drdr1,644,193.615,126,231,206.495,N,1
drdr1_st_1,st,drdr1,946,195.821,143,270,206.495,N,1
drdr1_st_1,st,drdr1,914,395.117,262,623,206.495,N,1
drdr1_st_1,st,drdr1,592,536.905,327,673,206.495,N,1
drdr1_st_1,st,drdr1,938,198.251,156,251,206.495,N,1
drdr1_st_1,st,drdr1,504,195.639,152,244,206.495,N,1
drdr1_st_1,st,drdr1,1162,193.749,144,256,206.495,N,1
drdr1_st_1,st,drdr1,968,208.95,142,405,206.495,N,1
drdr1_st_1,st,drdr1,708,194.879,136,245,206.495,N,1
drdr1_st_1,st,drdr1,672,196.554,152,242,206.495,N,1
drdr1_st_1,st,drdr1,938,207.093,152,254,206.495,N,1
drdr1_st_1,st,drdr1,998,197.766,155,258,206.495,N,1
drdr1_st_1,st,drdr1,728,339.753,245,421,206.495,N,1
drdr1_st_1,st,drdr1,770,218.596,144,393,206.495,N,1
drdr1_st_1,st,drdr1,590,245.949,167,420,206.495,N,1
drdr1_st_1,st,drdr1,630,208.481,160,275,206.495,N,1
drdr1_st_1,st,drdr1,1002,203.746,156,265,206.495,N,1
drdr1_st_1,st,drdr1,1004,196.991,139,255,206.495,N,1
drdr1_st_1,st,drdr1,1094,204.204,133,264,206.495,N,1
drdr1_st_1,st,drdr1,950,204.567,145,270,206.495,N,1
drdr1_st_1,st,drdr1,870,207.351,151,256,206.495,N,1
drdr1_st_1,st,drdr1,940,215.988,145,295,206.495,N,1
drdr1_st_1,st,drdr1,612,213.144,166,272,206.495,N,1
drdr1_st_1,st,drdr1,922,215.374,138,320,206.495,N,1
drdr1_st_1,st,drdr1,476,389.391,241,567,206.495,N,1
drdr1_st_1,st,drdr1,860,407.422,303,541,206.495,N,1
drdr1_st_1,st,drdr1,956,186.727,134,241,206.495,N,1
drdr1_st_1,st,drdr1,1050,188.461,137,244,206.495,N,1
drdr1_st_1,st,drdr1,698,190.398,133,260,206.495,N,1
drdr1_st_1,st,drdr1,940,190.767,136,240,206.495,N,1
drdr1_st_1,st,drdr1,1044,187.58,130,241,206.495,N,1
drdr1_st_1,st,drdr1,778,194.898,147,246,206.495,N,1
drdr1_st_1,st,drdr1,744,200.535,159,243,206.495,N,1
drdr1_st_1,st,drdr1,964,196.397,137,239,206.495,N,1
drdr1_st_1,st,drdr1,748,227.203,167,303,206.495,N,1
drdr1_st_1,st,drdr1,980,201.365,145,264,206.495,N,1
drdr1_st_1,st,drdr1,854,206.335,143,257,206.495,N,1
drdr1_st_1,st,drdr1,900,205.73,158,253,206.495,N,1
drdr1_st_1,st,drdr1,612,205.255,133,509,206.495,N,1
drdr1_st_1,st,drdr1,922,204.154,155,254,206.495,N,1
drdr1_st_1,st,drdr1,874,207.156,165,267,206.495,N,1
drdr1_st_1,st,drdr1,860,202.628,138,256,206.495,N,1
drdr1_st_1,st,drdr1,720,193.932,126,253,206.495,N,1
drdr1_st_1,st,drdr1,862,187.987,140,233,206.495,N,1
drdr1_st_1,st,drdr1,964,192.443,129,239,206.495,N,1
drdr1_st_1,st,drdr1,1278,195.671,137,254,206.495,N,1
drdr1_st_1,st,drdr1,928,186.655,134,240,206.495,N,1
drdr1_st_1,st,drdr1,1144,184.863,138,258,206.495,N,1
drdr1_st_1,st,drdr1,736,188.799,145,236,206.495,N,1
drdr1_st_1,st,drdr1,830,196.76,145,254,206.495,N,1
drdr1_st_1,st,drdr1,936,204.827,142,272,206.495,N,1
drdr1_st_1,st,drdr1,774,206.742,117,272,206.495,N,1
drdr1_st_1,st,drdr1,556,222.529,168,345,206.495,N,1
drdr1_st_1,st,drdr1,644,193.873,127,255,206.495,N,1
drdr1_st_1,st,drdr1,740,190.495,142,235,206.495,N,1
drdr1_st_2,st,drdr1,994,164.929,106,223,197.397,S,1
drdr1_st_2,st,drdr1,888,168.981,122,224,197.397,S,1
drdr1_st_2,st,drdr1,744,167.984,124,212,197.397,S,1
drdr1_st_2,st,drdr1,1034,171.472,123,223,197.397,S,1
drdr1_st_2,st,drdr1,1266,170.758,124,222,197.397,S,1
drdr1_st_2,st,drdr1,1092,173.325,119,237,197.397,S,1
drdr1_st_2,st,drdr1,762,181.156,141,239,197.397,S,1
drdr1_st_2,st,drdr1,696,173.555,127,222,197.397,S,1
drdr1_st_2,st,drdr1,936,173.29,112,224,197.397,S,1
drdr1_st_2,st,drdr1,928,169.994,122,234,197.397,S,1
drdr1_st_2,st,drdr1,976,178.779,107,219,197.397,S,1
drdr1_st_2,st,drdr1,752,176.32,132,232,197.397,S,1
drdr1_st_2,st,drdr1,994,180.104,126,232,197.397,S,1
drdr1_st_2,st,drdr1,898,183.739,128,241,197.397,S,1
drdr1_st_2,st,drdr1,868,187.567,124,241,197.397,S,1
drdr1_st_2,st,drdr1,1042,183.979,119,236,197.397,S,1
drdr1_st_2,st,drdr1,926,184.594,138,234,197.397,S,1
drdr1_st_2,st,drdr1,984,182.439,127,236,197.397,S,1
drdr1_st_2,st,drdr1,1130,177.76,126,233,197.397,S,1
drdr1_st_2,st,drdr1,1092,177.846,107,246,197.397,S,1
drdr1_st_2,st,drdr1,1442,173.977,107,236,197.397,S,1
drdr1_st_2,st,drdr1,1168,180.978,128,235,197.397,S,1
drdr1_st_2,st,drdr1,1198,184.115,123,244,197.397,S,1
drdr1_st_2,st,drdr1,1130,170.188,118,219,197.397,S,1
drdr1_st_2,st,drdr1,734,180.719,138,219,197.397,S,1
drdr1_st_2,st,drdr1,484,178.178,118,224,197.397,S,1
drdr1_st_2,st,drdr1,810,180.149,140,246,197.397,S,1
drdr1_st_2,st,drdr1,744,178.37,132,250,197.397,S,1
drdr1_st_2,st,drdr1,880,177.992,118,227,197.397,S,1
drdr1_st_2,st,drdr1,598,187.853,146,243,197.397,S,1
drdr1_st_2,st,drdr1,1024,176.288,116,220,197.397,S,1
drdr1_st_2,st,drdr1,1014,175.593,126,234,197.397,S,1
drdr1_st_2,st,drdr1,1382,172.18,121,238,197.397,S,1
drdr1_st_2,st,drdr1,754,178.493,127,235,197.397,S,1
drdr1_st_2,st,drdr1,1334,177.394,119,236,197.397,S,1
drdr1_st_2,st,drdr1,870,188.067,141,243,197.397,S,1
drdr1_st_2,st,drdr1,1178,206.779,132,438,197.397,S,1
drdr1_st_2,st,drdr1,1266,176.11,124,240,197.397,S,1
drdr1_st_2,st,drdr1,734,209.474,121,309,197.397,S,1
drdr1_st_2,st,drdr1,1488,374.857,267,510,197.397,S,1
drdr1_st_2,st,drdr1,868,273.499,218,335,197.397,S,1
drdr1_st_2,st,drdr1,792,267.143,185,467,197.397,S,1
drdr1_st_2,st,drdr1,926,204.609,144,276,197.397,S,1
drdr1_st_2,st,drdr1,1014,204.382,142,264,197.397,S,1
drdr1_st_2,st,drdr1,1178,199.733,134,261,197.397,S,1
drdr1_st_2,st,drdr1,1140,190.572,137,249,197.397,S,1
drdr1_st_2,st,drdr1,638,193.353,143,258,197.397,S,1
drdr1_st_2,st,drdr1,686,191.669,143,236,197.397,S,1
drdr1_st_2,st,drdr1,1024,362.886,253,485,197.397,S,1
drdr1_st_2,st,drdr1,446,366.202,278,452,197.397,S,1
drdr1_st_2,st,drdr1,1304,196.31,140,255,197.397,S,1
drdr1_st_2,st,drdr1,1110,191.634,138,246,197.397,S,1
drdr1_st_2,st,drdr1,772,200.789,149,253,197.397,S,1
drdr1_st_2,st,drdr1,986,200.614,154,269,197.397,S,1
drdr1_st_2,st,drdr1,926,193.297,145,255,197.397,S,1
drdr1_st_2,st,drdr1,1130,193.164,138,257,197.397,S,1
drdr1_st_2,st,drdr1,1014,468.905,345,604,197.397,S,1
drdr1_st_2,st,drdr1,1536,195.563,138,273,197.397,S,1
drdr1_st_2,st,drdr1,1274,195.987,150,254,197.397,S,1
drdr1_st_2,st,drdr1,810,196.572,145,263,197.397,S,1
drdr1_st_2,st,drdr1,1382,197.716,151,252,197.397,S,1
drdr1_st_2,st,drdr1,1236,186.43,138,246,197.397,S,1
drdr1_st_2,st,drdr1,754,190.142,145,235,197.397,S,1
drdr1_st_2,st,drdr1,1044,190.149,145,254,197.397,S,1
drdr1_st_2,st,drdr1,464,192.849,158,239,197.397,S,1
drdr1_st_2,st,drdr1,926,196.294,128,254,197.397,S,1
drdr1_st_2,st,drdr1,494,205.838,150,270,197.397,S,1
drdr1_st_2,st,drdr1,416,204.954,145,282,197.397,S,1
drdr1_st_2,st,drdr1,396,206.75,139,265,197.397,S,1
drdr1_st_2,st,drdr1,1158,189.773,132,238,197.397,S,1
drdr1_st_2,st,drdr1,1024,245.928,147,310,197.397,S,1
drdr1_st_2,st,drdr1,1294,195.164,132,272,197.397,S,1
drdr1_st_2,st,drdr1,656,196.857,144,244,197.397,S,1
drdr1_st_2,st,drdr1,1072,188.453,123,254,197.397,S,1
drdr1_st_2,st,drdr1,1256,191.35,120,243,197.397,S,1
drdr1_st_2,st,drdr1,696,185.444,137,240,197.397,S,1
drdr1_st_2,st,drdr1,704,187.209,136,254,197.397,S,1
drdr1_st_2,st,drdr1,1382,178.891,118,256,197.397,S,1
drdr1_st_2,st,drdr1,1054,200.937,151,261,197.397,S,1
drdr1_st_2,st,drdr1,754,197.702,139,254,197.397,S,1
drdr1_st_2,st,drdr1,744,197.009,138,265,197.397,S,1
drdr1_st_2,st,drdr1,1024,195.601,136,253,197.397,S,1
drdr1_st_2,st,drdr1,926,193.148,145,241,197.397,S,1
drdr1_st_2,st,drdr1,666,201.91,149,250,197.397,S,1
drdr1_st_2,st,drdr1,1294,187.038,135,242,197.397,S,1
drdr1_st_2,st,drdr1,830,198.242,147,267,197.397,S,1
drdr1_st_2,st,drdr1,1256,195.44,139,253,197.397,S,1
drdr1_st_2,st,drdr1,1140,191.37,133,248,197.397,S,1
drdr1_st_2,st,drdr1,1158,199.184,130,245,197.397,S,1
drdr1_st_2,st,drdr1,1110,198.11,137,260,197.397,S,1
drdr1_st_2,st,drdr1,1208,189.719,137,248,197.397,S,1
drdr1_st_2,st,drdr1,1004,200.344,151,273,197.397,S,1
drdr1_st_2,st,drdr1,1334,304.043,221,402,197.397,S,1
drdr1_st_2,st,drdr1,812,205.548,141,263,197.397,S,1
drdr1_st_2,st,drdr1,1294,220.247,156,613,197.397,S,1
drdr1_st_2,st,drdr1,1401,783.899,565,1082,197.397,S,1
drdr1_st_2,st,drdr1,474,242.738,162,402,197.397,S,1
drdr1_st_2,st,drdr1,948,211.121,143,255,197.397,S,1
drdr1_st_2,st,drdr1,1256,205.625,150,282,197.397,S,1
drdr1_st_2,st,drdr1,1100,214.172,145,277,197.397,S,1
drdr1_st_2,st,drdr1,1188,202.322,155,260,197.397,S,1
drdr1_st_2,st,drdr1,1024,263.585,153,970,197.397,S,1
drdr1_st_2,st,drdr1,1188,224.662,164,354,197.397,S,1
drdr1_st_2,st,drdr1,580,659.193,312,938,197.397,S,1
drdr1_st_2,st,drdr1,936,649.776,437,932,197.397,S,1
drdr1_st_2,st,drdr1,888,214.047,145,334,197.397,S,1
drdr1_st_2,st,drdr1,1024,509.791,406,707,197.397,S,1
drdr1_st_2,st,drdr1,1178,201.642,142,266,197.397,S,1
drdr1_st_2,st,drdr1,888,201.941,136,266,197.397,S,1
drdr1_st_2,st,drdr1,1100,195.745,144,254,197.397,S,1
drdr1_st_2,st,drdr1,966,197.511,136,248,197.397,S,1
drdr1_st_2,st,drdr1,1120,193.198,142,246,197.397,S,1
drdr1_st_2,st,drdr1,1054,189.724,141,243,197.397,S,1
drdr1_st_2,st,drdr1,862,191.935,125,249,197.397,S,1
drdr1_st_2,st,drdr1,1458,200.211,134,261,197.397,S,1
drdr1_st_2,st,drdr1,822,203.398,144,249,197.397,S,1
drdr1_st_2,st,drdr1,978,203.226,153,255,197.397,S,1
drdr1_st_3,st,drdr1,894,305.464,225,390,206.459,N,1
drdr1_st_3,st,drdr1,1118,191.604,107,249,206.459,N,1
drdr1_st_3,st,drdr1,1120,196.373,130,290,206.459,N,1
drdr1_st_3,st,drdr1,1046,242.04,183,306,206.459,N,1
drdr1_st_3,st,drdr1,1140,208.723,150,295,206.459,N,1
drdr1_st_3,st,drdr1,864,193.094,145,239,206.459,N,1
drdr1_st_3,st,drdr1,1044,198.955,144,288,206.459,N,1
drdr1_st_3,st,drdr1,842,211.539,154,274,206.459,N,1
drdr1_st_3,st,drdr1,1094,228.101,138,372,206.459,N,1
drdr1_st_3,st,drdr1,1102,212.571,137,279,206.459,N,1
drdr1_st_3,st,drdr1,680,379.374,249,502,206.459,N,1
drdr1_st_3,st,drdr1,890,346.292,270,441,206.459,N,1
drdr1_st_3,st,drdr1,902,604.371,352,836,206.459,N,1
drdr1_st_3,st,drdr1,244,449.439,325,573,206.459,N,1
drdr1_st_3,st,drdr1,916,221.497,152,334,206.459,N,1
drdr1_st_3,st,drdr1,890,214.817,157,297,206.459,N,1
drdr1_st_3,st,drdr1,1064,207.943,161,277,206.459,N,1
drdr1_st_3,st,drdr1,924,183.026,143,249,206.459,N,1
drdr1_st_3,st,drdr1,903,184.364,127,224,206.459,N,1
drdr1_st_3,st,drdr1,1102,186.033,134,248,206.459,N,1
drdr1_st_3,st,drdr1,1246,179.951,127,232,206.459,N,1
drdr1_st_3,st,drdr1,942,175.949,120,220,206.459,N,1
drdr1_st_3,st,drdr1,470,346.366,217,443,206.459,N,1
drdr1_st_3,st,drdr1,822,332.562,218,439,206.459,N,1
drdr1_st_3,st,drdr1,592,186.949,130,258,206.459,N,1
drdr1_st_3,st,drdr1,1012,176.389,130,235,206.459,N,1
drdr1_st_3,st,drdr1,678,248.817,190,321,206.459,N,1
drdr1_st_3,st,drdr1,938,226.329,150,293,206.459,N,1
drdr1_st_3,st,drdr1,886,199.005,149,267,206.459,N,1
drdr1_st_3,st,drdr1,1148,207.53,131,264,206.459,N,1
drdr1_st_3,st,drdr1,580,188.283,132,234,206.459,N,1
drdr1_st_3,st,drdr1,760,184.258,118,246,206.459,N,1
drdr1_st_3,st,drdr1,1000,185.128,122,259,206.459,N,1
drdr1_st_3,st,drdr1,946,187.404,122,275,206.459,N,1
drdr1_st_3,st,drdr1,1056,187.102,142,243,206.459,N,1
drdr1_st_3,st,drdr1,694,200.454,160,258,206.459,N,1
drdr1_st_3,st,drdr1,1020,197.946,157,254,206.459,N,1
drdr1_st_3,st,drdr1,1086,211.152,121,307,206.459,N,1
drdr1_st_3,st,drdr1,848,229.535,174,295,206.459,N,1
drdr1_st_3,st,drdr1,822,198.123,150,265,206.459,N,1
drdr1_st_3,st,drdr1,954,193.084,126,250,206.459,N,1
drdr1_st_3,st,drdr1,1052,211.231,156,279,206.459,N,1
drdr1_st_3,st,drdr1,694,196.821,121,240,206.459,N,1
drdr1_st_3,st,drdr1,574,206.443,136,263,206.459,N,1
drdr1_st_3,st,drdr1,468,200.141,147,256,206.459,N,1
drdr1_st_3,st,drdr1,984,193.803,128,261,206.459,N,1
drdr1_st_3,st,drdr1,736,209.043,144,264,206.459,N,1
drdr1_st_3,st,drdr1,820,200.511,143,269,206.459,N,1
drdr1_st_3,st,drdr1,602,210.377,140,268,206.459,N,1
drdr1_st_3,st,drdr1,940,205.402,146,265,206.459,N,1
drdr1_st_3,st,drdr1,690,202.035,160,256,206.459,N,1
drdr1_st_3,st,drdr1,830,203.999,137,268,206.459,N,1
drdr1_st_3,st,drdr1,1234,201.429,149,251,206.459,N,1
drdr1_st_3,st,drdr1,922,215.132,143,294,206.459,N,1
drdr1_st_3,st,drdr1,1018,203.425,135,260,206.459,N,1
drdr1_st_3,st,drdr1,984,205.701,149,265,206.459,N,1
drdr1_st_3,st,drdr1,700,208.079,159,262,206.459,N,1
drdr1_st_3,st,drdr1,550,193.631,143,241,206.459,N,1
drdr1_st_3,st,drdr1,742,469.681,298,678,206.459,N,1
drdr1_st_3,st,drdr1,728,193.033,151,239,206.459,N,1
drdr1_st_3,st,drdr1,516,186.3,130,239,206.459,N,1
drdr1_st_3,st,drdr1,1086,182.094,131,244,206.459,N,1
drdr1_st_3,st,drdr1,822,188.258,149,246,206.459,N,1
drdr1_st_3,st,drdr1,1306,189.132,121,256,206.459,N,1
drdr1_st_3,st,drdr1,968,184.085,109,256,206.459,N,1
drdr1_st_3,st,drdr1,992,184.426,131,250,206.459,N,1
drdr1_st_3,st,drdr1,858,190.685,129,257,206.459,N,1
drdr1_st_3,st,drdr1,986,184.28,113,248,206.459,N,1
drdr1_st_3,st,drdr1,650,192.7,131,275,206.459,N,1
drdr1_st_3,st,drdr1,630,190.586,132,237,206.459,N,1
drdr1_st_3,st,drdr1,712,190.663,151,261,206.459,N,1
drdr1_st_3,st,drdr1,704,195.423,125,249,206.459,N,1
drdr1_st_3,st,drdr1,766,201.264,139,250,206.459,N,1
drdr1_st_3,st,drdr1,546,195.434,150,258,206.459,N,1
drdr1_st_3,st,drdr1,650,209.36,144,268,206.459,N,1
drdr1_st_3,st,drdr1,860,208.685,140,292,206.459,N,1
drdr1_st_3,st,drdr1,1036,196.819,124,262,206.459,N,1
drdr1_st_3,st,drdr1,968,195.775,134,243,206.459,N,1
drdr1_st_3,st,drdr1,692,200.828,147,257,206.459,N,1
drdr1_st_3,st,drdr1,960,199.783,145,255,206.459,N,1
drdr1_st_3,st,drdr1,950,193.861,123,270,206.459,N,1
drdr1_st_3,st,drdr1,1056,198.615,142,255,206.459,N,1
drdr1_st_3,st,drdr1,724,203.822,157,256,206.459,N,1
drdr1_st_3,st,drdr1,790,206.739,146,281,206.459,N,1
drdr1_st_3,st,drdr1,670,204.37,154,257,206.459,N,1
drdr1_st_3,st,drdr1,750,213.855,153,278,206.459,N,1
drdr1_st_3,st,drdr1,554,211.419,161,278,206.459,N,1
drdr1_st_3,st,drdr1,1136,207.131,138,284,206.459,N,1
drdr1_st_3,st,drdr1,684,228.361,160,283,206.459,N,1
drdr1_st_3,st,drdr1,820,236.749,169,312,206.459,N,1
drdr1_st_3,st,drdr1,858,324.234,187,1354,206.459,N,1
drdr1_st_3,st,drdr1,950,972.915,588,2135,206.459,N,1
drdr1_st_3,st,drdr1,742,228.426,166,300,206.459,N,1
drdr1_st_3,st,drdr1,804,561.981,355,913,206.459,N,1
drdr1_st_3,st,drdr1,586,877.754,452,1190,206.459,N,1
drdr1_st_3,st,drdr1,814,297.362,229,394,206.459,N,1
drdr1_st_3,st,drdr1,330,272.491,203,344,206.459,N,1
drdr1_st_3,st,drdr1,840,206.176,152,262,206.459,N,1
drdr1_st_3,st,drdr1,768,203.991,153,253,206.459,N,1
drdr1_st_3,st,drdr1,916,191.854,141,236,206.459,N,1
drdr1_st_3,st,drdr1,880,196.136,128,258,206.459,N,1
drdr1_st_3,st,drdr1,784,200.892,158,253,206.459,N,1
drdr1_st_3,st,drdr1,502,200.488,153,243,206.459,N,1
PDR5-GFP_exp_1,exp,wt,1516,809.701,431,1354,214.722,S,1
PDR5-GFP_exp_1,exp,wt,878,1236.066,928,1603,214.722,S,1
PDR5-GFP_exp_1,exp,wt,724,1064.392,459,1506,214.722,S,1
PDR5-GFP_exp_1,exp,wt,979,1028.073,494,2036,214.722,S,1
PDR5-GFP_exp_1,exp,wt,1004,581.187,333,839,214.722,S,1
PDR5-GFP_exp_1,exp,wt,1137,920.179,452,2017,214.722,S,1
PDR5-GFP_exp_2,exp,wt,1014,1305.688,836,2141,280.673,N,1
PDR5-GFP_exp_2,exp,wt,666,1652.326,991,2295,280.673,N,1
PDR5-GFP_exp_2,exp,wt,1038,938.462,516,1674,280.673,N,1
PDR5-GFP_exp_2,exp,wt,1024,1042.299,589,1580,280.673,N,1
PDR5-GFP_exp_2,exp,wt,744,919.351,649,1255,280.673,N,1
PDR5-GFP_exp_3,exp,wt,1112,1769.461,964,2600,348.858,S,1
PDR5-GFP_exp_3,exp,wt,638,2568.418,1619,3256,348.858,S,1
PDR5-GFP_exp_3,exp,wt,1178,1587.357,866,3073,348.858,S,1
PDR5-GFP_exp_3,exp,wt,1024,1354.092,701,2185,348.858,S,1
PDR5-GFP_exp_3,exp,wt,744,2225.708,1529,2982,348.858,S,1
PDR5-GFP_exp_3,exp,wt,1034,1526.793,821,2798,348.858,S,1
PDR5-GFP_exp_4,exp,wt,850,1176.175,680,1972,255.12,N,1
PDR5-GFP_exp_4,exp,wt,1247,1372.107,640,2664,255.12,N,1
PDR5-GFP_exp_4,exp,wt,984,1420.643,658,2419,255.12,N,1
PDR5-GFP_exp_4,exp,wt,1207,1529.788,689,2688,255.12,N,1
PDR5-GFP_exp_4,exp,wt,1040,1494.29,656,2702,255.12,N,1
PDR5-GFP_exp_4,exp,wt,810,1336.996,820,2263,255.12,N,1
PDR5-GFP_exp_4,exp,wt,164,1843.024,901,2386,255.12,N,1
PDR5-GFP_st_1,st,wt,790,177.401,127,237,202.735,S,1
PDR5-GFP_st_1,st,wt,696,177.353,131,243,202.735,S,1
PDR5-GFP_st_1,st,wt,1432,187.573,131,244,202.735,S,1
PDR5-GFP_st_1,st,wt,1014,180.942,120,266,202.735,S,1
PDR5-GFP_st_1,st,wt,782,179.315,129,221,202.735,S,1
PDR5-GFP_st_1,st,wt,1140,172.8,124,229,202.735,S,1
PDR5-GFP_st_1,st,wt,860,179.3,112,227,202.735,S,1
PDR5-GFP_st_1,st,wt,1478,185.537,133,249,202.735,S,1
PDR5-GFP_st_1,st,wt,792,181.753,127,231,202.735,S,1
PDR5-GFP_st_1,st,wt,1110,181.603,135,274,202.735,S,1
PDR5-GFP_st_1,st,wt,638,180.031,128,226,202.735,S,1
PDR5-GFP_st_1,st,wt,840,191.488,138,234,202.735,S,1
PDR5-GFP_st_1,st,wt,1342,190.118,138,244,202.735,S,1
PDR5-GFP_st_1,st,wt,792,194.884,133,269,202.735,S,1
PDR5-GFP_st_1,st,wt,1266,195.007,133,244,202.735,S,1
PDR5-GFP_st_1,st,wt,888,196.824,142,250,202.735,S,1
PDR5-GFP_st_1,st,wt,1034,196.267,137,264,202.735,S,1
PDR5-GFP_st_1,st,wt,1236,202.879,146,301,202.735,S,1
PDR5-GFP_st_1,st,wt,1382,201.47,156,248,202.735,S,1
PDR5-GFP_st_1,st,wt,1208,191.528,135,234,202.735,S,1
PDR5-GFP_st_1,st,wt,676,184.382,119,233,202.735,S,1
PDR5-GFP_st_1,st,wt,1110,190.414,143,239,202.735,S,1
PDR5-GFP_st_1,st,wt,782,182.008,133,233,202.735,S,1
PDR5-GFP_st_2,st,wt,1342,166.316,128,229,189.102,N,1
PDR5-GFP_st_2,st,wt,1148,173.688,109,244,189.102,N,1
PDR5-GFP_st_2,st,wt,820,177.88,139,240,189.102,N,1
PDR5-GFP_st_2,st,wt,1234,179.936,125,227,189.102,N,1
PDR5-GFP_st_2,st,wt,772,192.535,137,246,189.102,N,1
PDR5-GFP_st_2,st,wt,860,184.02,139,254,189.102,N,1
PDR5-GFP_st_2,st,wt,1291,182.356,106,230,189.102,N,1
PDR5-GFP_st_2,st,wt,1204,186.247,130,242,189.102,N,1
PDR5-GFP_st_2,st,wt,1102,182.023,128,227,189.102,N,1
PDR5-GFP_st_2,st,wt,1148,187.227,139,226,189.102,N,1
PDR5-GFP_st_2,st,wt,1342,189.261,139,253,189.102,N,1
PDR5-GFP_st_2,st,wt,798,234.049,137,314,189.102,N,1
PDR5-GFP_st_2,st,wt,1578,194.27,133,259,189.102,N,1
PDR5-GFP_st_2,st,wt,820,192.899,134,248,189.102,N,1
PDR5-GFP_st_2,st,wt,1236,185.057,121,238,189.102,N,1
PDR5-GFP_st_2,st,wt,918,186.976,126,261,189.102,N,1
PDR5-GFP_st_2,st,wt,1206,183.803,127,236,189.102,N,1
PDR5-GFP_st_2,st,wt,1102,189.662,131,253,189.102,N,1
PDR5-GFP_st_2,st,wt,1498,189.317,131,253,189.102,N,1
PDR5-GFP_st_2,st,wt,1168,191.569,138,246,189.102,N,1
PDR5-GFP_st_3,st,wt,946,161.143,119,219,168.105,S,1
PDR5-GFP_st_3,st,wt,1140,161.136,122,222,168.105,S,1
PDR5-GFP_st_3,st,wt,1198,157.431,116,218,168.105,S,1
PDR5-GFP_st_3,st,wt,1130,160.696,116,216,168.105,S,1
PDR5-GFP_st_3,st,wt,782,163.512,110,216,168.105,S,1
PDR5-GFP_st_3,st,wt,1294,168.034,111,227,168.105,S,1
PDR5-GFP_st_3,st,wt,1178,161.373,117,219,168.105,S,1
PDR5-GFP_st_3,st,wt,1496,162.933,122,215,168.105,S,1
PDR5-GFP_st_3,st,wt,1362,163.095,87,222,168.105,S,1
PDR5-GFP_st_3,st,wt,946,164.968,106,206,168.105,S,1
PDR5-GFP_st_3,st,wt,1594,173.364,130,228,168.105,S,1
PDR5-GFP_st_3,st,wt,686,170.854,103,233,168.105,S,1
PDR5-GFP_st_3,st,wt,1866,159.181,109,211,168.105,S,1
PDR5-GFP_st_3,st,wt,1324,160.568,104,222,168.105,S,1
PDR5-GFP_st_3,st,wt,1374,166.831,94,216,168.105,S,1
PDR5-GFP_st_3,st,wt,1390,172.504,109,241,168.105,S,1
PDR5-GFP_st_3,st,wt,716,166.546,120,231,168.105,S,1
PDR5-GFP_st_3,st,wt,1082,171.057,112,228,168.105,S,1
PDR5-GFP_st_3,st,wt,1072,169.54,122,217,168.105,S,1
PDR5-GFP_st_3,st,wt,878,174.887,116,224,168.105,S,1
PDR5-GFP_st_3,st,wt,1718,182.077,110,238,168.105,S,1
PDR5-GFP_st_3,st,wt,946,175.981,127,230,168.105,S,1
PDR5-GFP_st_3,st,wt,1130,173.858,120,230,168.105,S,1
PDR5-GFP_st_3,st,wt,1044,171.015,126,248,168.105,S,1
PDR5-GFP_st_3,st,wt,850,170.532,127,221,168.105,S,1
PDR5-GFP_st_3,st,wt,734,169.924,112,209,168.105,S,1
PDR5-GFP_st_3,st,wt,1662,170.493,112,223,168.105,S,1
PDR5-GFP_st_3,st,wt,1072,182.124,122,233,168.105,S,1
PDR5-GFP_st_3,st,wt,870,189.22,138,256,168.105,S,1
PDR5-GFP_st_3,st,wt,1322,178.769,107,237,168.105,S,1
rho0_exp_1,exp,rho0,1264,3125.104,1366,4091,212.107,S,1
rho0_exp_1,exp,rho0,908,3457.163,1620,4091,212.107,S,1
rho0_exp_2,exp,rho0,614,1833.849,804,2539,183.936,N,1
rho0_exp_2,exp,rho0,1028,2800.715,1318,4064,183.936,N,1
rho0_exp_2,exp,rho0,724,3290.461,1305,4091,183.936,N,1
rho0_exp_3,exp,rho0,1536,2226.46,792,3236,188.009,S,1
rho0_exp_3,exp,rho0,877,2243.873,983,2935,188.009,S,1
rho0_exp_4,exp,rho0,304,1422.707,684,2309,166.466,N,1
rho0_exp_4,exp,rho0,896,3511.581,1563,4091,166.466,N,1
rho0_exp_4,exp,rho0,718,3722.948,1660,4091,166.466,N,1
rho0_exp_4,exp,rho0,1034,3545.559,1663,4091,166.466,N,1
rho0_exp_4,exp,rho0,176,2409.318,969,3967,166.466,N,1
rho0_exp_4,exp,rho0,718,3654.632,1432,4091,166.466,N,1
rho0_exp_5,exp,rho0,1382,2006.258,996,2650,139.322,S,1
rho0_exp_5,exp,rho0,704,1871.143,893,2660,139.322,S,1
rho0_exp_6,exp,rho0,726,1616.084,900,2309,142.837,N,1
rho0_exp_6,exp,rho0,932,2354.486,1122,3195,142.837,N,1
rho0_exp_7,exp,rho0,706,1988.339,881,2638,159.018,S,1
rho0_exp_7,exp,rho0,720,1537.49,722,2312,159.018,S,1
rho0_exp_8,exp,rho0,736,3072.342,1432,4091,162.449,N,1
rho0_exp_8,exp,rho0,1194,3258.17,1187,4091,162.449,N,1
rho0_exp_8,exp,rho0,160,3112.6,2312,3868,162.449,N,1
rho0_exp_8,exp,rho0,1017,2251.218,991,3008,162.449,N,1
rho0_exp_8,exp,rho0,790,3412.294,1677,4091,162.449,N,1
rho0_st_1,st,rho0,683,685.646,354,1615,259.914,S,1
rho0_st_1,st,rho0,813,621.364,447,1306,259.914,S,1
rho0_st_1,st,rho0,877,655.373,431,1227,259.914,S,1
rho0_st_1,st,rho0,1144,800.253,520,1010,259.914,S,1
rho0_st_1,st,rho0,1259,858.386,498,1119,259.914,S,1
rho0_st_1,st,rho0,464,913.308,460,2600,259.914,S,1
rho0_st_1,st,rho0,877,949.951,553,1486,259.914,S,1
rho0_st_1,st,rho0,891,910.577,542,2256,259.914,S,1
rho0_st_1,st,rho0,953,358.108,239,500,259.914,S,1
rho0_st_2,st,rho0,958,712.669,456,1059,248.031,N,1
rho0_st_2,st,rho0,336,735.866,508,1019,248.031,N,1
rho0_st_2,st,rho0,964,743.336,443,2347,248.031,N,1
rho0_st_2,st,rho0,706,825.769,505,1463,248.031,N,1
rho0_st_2,st,rho0,820,1231.678,711,3852,248.031,N,1
rho0_st_2,st,rho0,452,991.051,711,1789,248.031,N,1
rho0_st_2,st,rho0,686,852.385,518,1463,248.031,N,1
rho0_st_2,st,rho0,556,823.138,604,1140,248.031,N,1
rho0_st_2,st,rho0,1034,947.017,581,2124,248.031,N,1
rho0_st_2,st,rho0,1030,695.684,494,888,248.031,N,1
rho0_st_2,st,rho0,164,628.427,453,803,248.031,N,1
rho0_st_3,st,rho0,485,520.792,384,652,234.957,S,1
rho0_st_3,st,rho0,709,624.653,489,924,234.957,S,1
rho0_st_3,st,rho0,1126,522.292,299,968,234.957,S,1
rho0_st_3,st,rho0,980,422.81,270,823,234.957,S,1
rho0_st_3,st,rho0,713,1055.916,538,2332,234.957,S,1
rho0_st_3,st,rho0,1025,1024.893,533,4003,234.957,S,1
rho0_st_3,st,rho0,1369,847.398,438,2930,234.957,S,1
rho0_st_3,st,rho0,597,936.432,497,1545,234.957,S,1
rho0_st_3,st,rho0,888,933.911,450,2782,234.957,S,1
rho0_st_3,st,rho0,1004,1037.941,547,2439,234.957,S,1
rho0_st_3,st,rho0,656,810.043,434,2019,234.957,S,1
drdr1_st_1,st,drdr1,1092,1055.582,917,1189,1130.660254,S,2
drdr1_st_1,st,drdr1,966,1096.769,975,1258,1130.660254,S,2
drdr1_st_1,st,drdr1,1478,1115.442,955,1288,1130.660254,S,2
drdr1_st_1,st,drdr1,1410,1157.204,1003,1280,1130.660254,S,2
drdr1_st_1,st,drdr1,802,1139.965,967,1280,1130.660254,S,2
drdr1_st_1,st,drdr1,1072,1170.276,1042,1297,1130.660254,S,2
drdr1_st_1,st,drdr1,714,1180.412,1048,1291,1130.660254,S,2
drdr1_st_1,st,drdr1,648,1171.245,1051,1283,1130.660254,S,2
drdr1_st_1,st,drdr1,1544,1135.538,1008,1272,1130.660254,S,2
drdr1_st_1,st,drdr1,830,1128.078,1005,1254,1130.660254,S,2
drdr1_st_1,st,drdr1,676,1104.266,978,1220,1130.660254,S,2
drdr1_st_1,st,drdr1,676,1128.658,988,1263,1130.660254,S,2
drdr1_st_1,st,drdr1,1024,1169.344,1002,1294,1130.660254,S,2
drdr1_st_1,st,drdr1,598,1159.858,1047,1302,1130.660254,S,2
drdr1_st_1,st,drdr1,1052,1160.934,1051,1315,1130.660254,S,2
drdr1_st_1,st,drdr1,774,1156.787,1044,1301,1130.660254,S,2
drdr1_st_1,st,drdr1,683,1168.842,1042,1310,1130.660254,S,2
drdr1_st_1,st,drdr1,1032,1208.003,1092,1389,1130.660254,S,2
drdr1_st_1,st,drdr1,718,1245.999,1102,1408,1130.660254,S,2
drdr1_st_1,st,drdr1,823,2198.465,1619,2695,1130.660254,S,2
drdr1_st_1,st,drdr1,915,1452.138,1252,1615,1130.660254,S,2
drdr1_st_1,st,drdr1,1031,1233.629,1082,1406,1130.660254,S,2
drdr1_st_1,st,drdr1,1188,1233.099,1092,1364,1130.660254,S,2
drdr1_st_1,st,drdr1,1151,1186.328,992,1309,1130.660254,S,2
drdr1_st_1,st,drdr1,1370,1181.890,1027,1352,1130.660254,S,2
drdr1_st_1,st,drdr1,416,1258.137,1140,1439,1130.660254,S,2
drdr1_st_1,st,drdr1,948,1243.603,1079,1386,1130.660254,S,2
drdr1_st_1,st,drdr1,1130,2648.845,1992,3077,1130.660254,S,2
drdr1_st_1,st,drdr1,884,1226.724,1078,1393,1130.660254,S,2
drdr1_st_1,st,drdr1,936,1187.357,1058,1304,1130.660254,S,2
drdr1_st_1,st,drdr1,587,1188.816,1051,1313,1130.660254,S,2
drdr1_st_1,st,drdr1,860,1152.209,1036,1307,1130.660254,S,2
drdr1_st_1,st,drdr1,789,1166.531,1050,1348,1130.660254,S,2
drdr1_st_1,st,drdr1,994,1150.469,1020,1310,1130.660254,S,2
drdr1_st_1,st,drdr1,1123,1171.383,1036,1309,1130.660254,S,2
drdr1_st_1,st,drdr1,980,1177.104,1020,1302,1130.660254,S,2
drdr1_st_1,st,drdr1,911,1858.578,1486,2184,1130.660254,S,2
drdr1_st_1,st,drdr1,1191,1636.139,1334,1924,1130.660254,S,2
drdr1_st_1,st,drdr1,690,1246.086,1108,1361,1130.660254,S,2
drdr1_st_1,st,drdr1,908,1123.753,990,1293,1130.660254,S,2
drdr1_st_1,st,drdr1,810,1084.620,956,1210,1130.660254,S,2
drdr1_st_1,st,drdr1,1175,1131.844,1021,1269,1130.660254,S,2
drdr1_st_1,st,drdr1,868,1152.304,1020,1304,1130.660254,S,2
drdr1_st_1,st,drdr1,1083,1112.621,972,1273,1130.660254,S,2
drdr1_st_1,st,drdr1,735,1166.424,1050,1348,1130.660254,S,2
drdr1_st_1,st,drdr1,820,1157.498,1036,1307,1130.660254,S,2
drdr1_st_1,st,drdr1,751,1166.579,1035,1304,1130.660254,S,2
drdr1_st_1,st,drdr1,932,1172.540,1016,1331,1130.660254,S,2
drdr1_st_1,st,drdr1,843,1245.966,1084,1382,1130.660254,S,2
drdr1_st_1,st,drdr1,795,1261.174,1146,1395,1130.660254,S,2
drdr1_st_1,st,drdr1,1215,1286.481,1136,1459,1130.660254,S,2
drdr1_st_1,st,drdr1,1120,1666.384,1408,1891,1130.660254,S,2
drdr1_st_1,st,drdr1,1464,1266.356,1103,1483,1130.660254,S,2
drdr1_st_1,st,drdr1,963,1263.929,1124,1450,1130.660254,S,2
drdr1_st_1,st,drdr1,1044,1267.747,1094,1409,1130.660254,S,2
drdr1_st_1,st,drdr1,628,1249.131,1145,1391,1130.660254,S,2
drdr1_st_1,st,drdr1,809,1213.761,1097,1351,1130.660254,S,2
drdr1_st_1,st,drdr1,1171,1238.529,1116,1384,1130.660254,S,2
drdr1_st_1,st,drdr1,1021,1231.617,1110,1367,1130.660254,S,2
drdr1_st_1,st,drdr1,1250,1278.993,1132,1463,1130.660254,S,2
drdr1_st_1,st,drdr1,911,1262.314,1093,1422,1130.660254,S,2
drdr1_st_1,st,drdr1,827,1237.983,1106,1359,1130.660254,S,2
drdr1_st_1,st,drdr1,1185,1614.131,1397,1819,1130.660254,S,2
drdr1_st_1,st,drdr1,984,1249.669,1119,1380,1130.660254,S,2
drdr1_st_1,st,drdr1,1028,1262.927,1099,1491,1130.660254,S,2
drdr1_st_1,st,drdr1,1045,1249.496,1100,1380,1130.660254,S,2
drdr1_st_1,st,drdr1,1079,1239.632,1121,1397,1130.660254,S,2
drdr1_st_1,st,drdr1,1280,1219.595,1070,1377,1130.660254,S,2
drdr1_st_1,st,drdr1,911,1208.775,1083,1342,1130.660254,S,2
drdr1_st_1,st,drdr1,1076,1217.211,1102,1373,1130.660254,S,2
drdr1_st_1,st,drdr1,1304,1252.195,1040,1378,1130.660254,S,2
drdr1_st_1,st,drdr1,1079,1226.996,1088,1359,1130.660254,S,2
drdr1_st_1,st,drdr1,768,1209.150,1088,1344,1130.660254,S,2
drdr1_st_1,st,drdr1,799,1196.452,1040,1338,1130.660254,S,2
drdr1_st_1,st,drdr1,1006,1214.744,1077,1375,1130.660254,S,2
drdr1_st_1,st,drdr1,807,1161.725,1050,1311,1130.660254,S,2
drdr1_st_3,st,drdr1,861,301.724,227,371,299.7454999,S,2
drdr1_st_3,st,drdr1,655,296.911,243,355,299.7454999,S,2
drdr1_st_3,st,drdr1,1158,326.516,268,409,299.7454999,S,2
drdr1_st_3,st,drdr1,1219,317.206,250,386,299.7454999,S,2
drdr1_st_3,st,drdr1,725,313.092,261,378,299.7454999,S,2
drdr1_st_3,st,drdr1,803,306.426,237,374,299.7454999,S,2
drdr1_st_3,st,drdr1,694,304.483,250,365,299.7454999,S,2
drdr1_st_3,st,drdr1,658,301.211,252,365,299.7454999,S,2
drdr1_st_3,st,drdr1,994,335.251,249,435,299.7454999,S,2
drdr1_st_3,st,drdr1,1284,559.938,450,670,299.7454999,S,2
drdr1_st_3,st,drdr1,1301,571.666,444,703,299.7454999,S,2
drdr1_st_3,st,drdr1,1089,330.094,234,388,299.7454999,S,2
drdr1_st_3,st,drdr1,816,335.031,272,417,299.7454999,S,2
drdr1_st_3,st,drdr1,1298,321.445,257,428,299.7454999,S,2
drdr1_st_3,st,drdr1,776,307.251,244,371,299.7454999,S,2
drdr1_st_3,st,drdr1,1120,316.323,245,387,299.7454999,S,2
drdr1_st_3,st,drdr1,1031,318.131,258,380,299.7454999,S,2
drdr1_st_3,st,drdr1,803,309.210,246,369,299.7454999,S,2
drdr1_st_3,st,drdr1,717,304.506,246,366,299.7454999,S,2
drdr1_st_3,st,drdr1,758,301.148,249,365,299.7454999,S,2
drdr1_st_3,st,drdr1,964,307.721,239,369,299.7454999,S,2
drdr1_st_3,st,drdr1,1031,339.306,269,410,299.7454999,S,2
drdr1_st_3,st,drdr1,769,302.490,240,357,299.7454999,S,2
drdr1_st_3,st,drdr1,714,307.031,245,368,299.7454999,S,2
drdr1_st_3,st,drdr1,1393,319.705,255,386,299.7454999,S,2
drdr1_st_3,st,drdr1,874,311.389,255,365,299.7454999,S,2
drdr1_st_3,st,drdr1,826,309.465,246,362,299.7454999,S,2
drdr1_st_3,st,drdr1,856,314.332,245,387,299.7454999,S,2
drdr1_st_3,st,drdr1,997,344.660,261,427,299.7454999,S,2
drdr1_st_3,st,drdr1,1144,339.173,250,417,299.7454999,S,2
drdr1_st_3,st,drdr1,1116,321.524,254,387,299.7454999,S,2
drdr1_st_3,st,drdr1,776,321.348,249,413,299.7454999,S,2
drdr1_st_3,st,drdr1,1184,315.921,253,386,299.7454999,S,2
drdr1_st_3,st,drdr1,833,328.697,252,397,299.7454999,S,2
drdr1_st_3,st,drdr1,1120,343.141,253,428,299.7454999,S,2
drdr1_st_3,st,drdr1,622,311.691,241,380,299.7454999,S,2
drdr1_st_3,st,drdr1,976,313.703,248,371,299.7454999,S,2
drdr1_st_3,st,drdr1,888,320.140,255,391,299.7454999,S,2
drdr1_st_3,st,drdr1,714,319.906,219,396,299.7454999,S,2
drdr1_st_3,st,drdr1,648,315.387,255,376,299.7454999,S,2
drdr1_st_3,st,drdr1,1202,347.199,269,422,299.7454999,S,2
drdr1_st_3,st,drdr1,816,328.583,269,399,299.7454999,S,2
drdr1_st_3,st,drdr1,1004,343.728,252,428,299.7454999,S,2
drdr1_st_3,st,drdr1,881,377.118,311,482,299.7454999,S,2
drdr1_st_3,st,drdr1,920,434.303,354,517,299.7454999,S,2
drdr1_st_3,st,drdr1,737,339.962,269,400,299.7454999,S,2
drdr1_st_3,st,drdr1,1069,350.303,279,424,299.7454999,S,2
drdr1_st_3,st,drdr1,1118,347.079,278,418,299.7454999,S,2
drdr1_st_3,st,drdr1,837,342.497,271,422,299.7454999,S,2
drdr1_st_3,st,drdr1,952,346.560,284,452,299.7454999,S,2
drdr1_st_3,st,drdr1,990,348.419,279,430,299.7454999,S,2
drdr1_st_3,st,drdr1,1567,350.011,258,451,299.7454999,S,2
drdr1_st_3,st,drdr1,601,350.715,289,421,299.7454999,S,2
drdr1_st_3,st,drdr1,724,337.793,287,421,299.7454999,S,2
drdr1_st_3,st,drdr1,642,338.488,276,411,299.7454999,S,2
drdr1_st_3,st,drdr1,1192,355.941,286,451,299.7454999,S,2
drdr1_st_3,st,drdr1,652,364.554,285,433,299.7454999,S,2
drdr1_st_3,st,drdr1,1360,348.578,281,415,299.7454999,S,2
drdr1_st_3,st,drdr1,642,340.908,274,401,299.7454999,S,2
drdr1_st_3,st,drdr1,850,344.249,269,405,299.7454999,S,2
drdr1_st_3,st,drdr1,1175,355.902,282,421,299.7454999,S,2
drdr1_st_3,st,drdr1,666,353.161,276,424,299.7454999,S,2
drdr1_st_3,st,drdr1,1085,352.741,293,428,299.7454999,S,2
drdr1_st_3,st,drdr1,950,477.956,373,575,299.7454999,S,2
drdr1_st_3,st,drdr1,778,384.882,314,508,299.7454999,S,2
drdr1_st_3,st,drdr1,1314,374.919,302,474,299.7454999,S,2
drdr1_st_3,st,drdr1,1182,359.137,266,421,299.7454999,S,2
drdr1_st_3,st,drdr1,1004,351.657,289,418,299.7454999,S,2
drdr1_st_3,st,drdr1,1295,494.389,372,636,299.7454999,S,2
drdr1_st_3,st,drdr1,489,433.456,331,546,299.7454999,S,2
drdr1_st_3,st,drdr1,830,350.024,267,452,299.7454999,S,2
drdr1_st_3,st,drdr1,1168,337.036,256,417,299.7454999,S,2
drdr1_st_3,st,drdr1,843,328.132,242,402,299.7454999,S,2
drdr1_st_3,st,drdr1,997,334.124,270,417,299.7454999,S,2
drdr1_st_3,st,drdr1,1198,358.625,275,437,299.7454999,S,2
drdr1_st_3,st,drdr1,1387,366.482,272,479,299.7454999,S,2
drdr1_st_3,st,drdr1,672,360.744,281,462,299.7454999,S,2
drdr1_st_3,st,drdr1,1144,375.712,323,448,299.7454999,S,2
drdr1_st_3,st,drdr1,1131,350.034,274,421,299.7454999,S,2
drdr1_st_3,st,drdr1,683,336.067,276,403,299.7454999,S,2
drdr1_st_3,st,drdr1,956,340.526,256,413,299.7454999,S,2
drdr1_st_3,st,drdr1,810,336.014,273,405,299.7454999,S,2
drdr1_st_3,st,drdr1,922,471.035,377,581,299.7454999,S,2
drdr1_st_3,st,drdr1,652,433.796,329,526,299.7454999,S,2
drdr1_st_3,st,drdr1,1027,345.557,282,420,299.7454999,S,2
drdr1_st_3,st,drdr1,1259,349.353,262,451,299.7454999,S,2
drdr1_st_3,st,drdr1,686,328.322,236,404,299.7454999,S,2
drdr1_st_3,st,drdr1,819,318.538,262,396,299.7454999,S,2
drdr1_st_3,st,drdr1,830,415.057,330,516,299.7454999,S,2
drdr1_st_3,st,drdr1,901,331.974,259,399,299.7454999,S,2
drdr1_st_3,st,drdr1,854,333.637,266,406,299.7454999,S,2
drdr1_st_3,st,drdr1,847,336.452,272,391,299.7454999,S,2
drdr1_st_3,st,drdr1,840,325.014,259,389,299.7454999,S,2
drdr1_st_3,st,drdr1,1021,339.305,272,420,299.7454999,S,2
drdr1_st_3,st,drdr1,881,328.002,274,381,299.7454999,S,2
drdr1_st_3,st,drdr1,665,338.119,261,401,299.7454999,S,2
drdr1_st_3,st,drdr1,867,328.153,274,398,299.7454999,S,2
drdr1_st_3,st,drdr1,813,327.129,263,396,299.7454999,S,2
drdr1_st_3,st,drdr1,1058,335.974,273,410,299.7454999,S,2
drdr1_st_3,st,drdr1,1007,321.382,248,390,299.7454999,S,2
drdr1_st_3,st,drdr1,1014,341.263,268,427,299.7454999,S,2
drdr1_st_3,st,drdr1,1260,321.509,261,398,299.7454999,S,2
drdr1_st_3,st,drdr1,847,302.736,252,368,299.7454999,S,2
drdr1_st_3,st,drdr1,744,316.734,256,366,299.7454999,S,2
drdr1_st_3,st,drdr1,936,313.800,258,373,299.7454999,S,2
drdr1_st_3,st,drdr1,833,310.209,251,378,299.7454999,S,2
drdr1_st_3,st,drdr1,966,305.458,249,361,299.7454999,S,2
drdr1_st_3,st,drdr1,1146,341.305,278,444,299.7454999,S,2
drdr1_st_3,st,drdr1,841,320.794,236,389,299.7454999,S,2
drdr1_st_3,st,drdr1,731,317.859,256,385,299.7454999,S,2
drdr1_st_3,st,drdr1,1358,319.052,255,422,299.7454999,S,2
drdr1_st_3,st,drdr1,976,303.397,222,370,299.7454999,S,2
drdr1_st_3,st,drdr1,659,315.813,267,381,299.7454999,S,2
rho0_st_1,st,rho0,1182,531.860,294,902,210.023,S,2
rho0_st_1,st,rho0,1106,1169.618,498,4091,210.023,S,2
rho0_st_1,st,rho0,670,845.028,524,1350,210.023,S,2
rho0_st_1,st,rho0,1048,717.093,356,1003,210.023,S,2
rho0_st_1,st,rho0,843,1291.122,587,2324,210.023,S,2
rho0_st_1,st,rho0,1066,960.771,535,1810,210.023,S,2
rho0_st_1,st,rho0,571,1069.278,531,2948,210.023,S,2
rho0_st_1,st,rho0,772,727.666,418,1191,210.023,S,2
rho0_st_3,st,rho0,867,783.528,405,2172,204.895,S,2
rho0_st_3,st,rho0,1110,775.877,408,1173,204.895,S,2
rho0_st_3,st,rho0,1116,1318.480,575,4091,204.895,S,2
rho0_st_3,st,rho0,464,1130.228,633,2764,204.895,S,2
rho0_st_3,st,rho0,1196,563.504,337,1048,204.895,S,2
rho0_st_3,st,rho0,383,545.373,375,1015,204.895,S,2
rho0_st_3,st,rho0,1253,1081.721,441,4091,204.895,S,2
rho0_st_3,st,rho0,547,831.333,517,1459,204.895,S,2
rho0_st_3,st,rho0,854,225.788,162,320,204.895,S,2
rho0_st_3,st,rho0,772,858.407,429,2243,204.895,S,2
rho0_st_3,st,rho0,1089,1284.948,598,4091,204.895,S,2
rho0_st_3,st,rho0,727,908.362,440,2811,204.895,S,2
wt_st_2,st,wt,830,390.093,319,459,400.7650313,S,2
wt_st_2,st,wt,648,390.880,320,459,400.7650313,S,2
wt_st_2,st,wt,946,393.164,304,459,400.7650313,S,2
wt_st_2,st,wt,564,381.332,315,446,400.7650313,S,2
wt_st_2,st,wt,786,375.594,305,454,400.7650313,S,2
wt_st_2,st,wt,874,385.739,305,451,400.7650313,S,2
wt_st_2,st,wt,666,400.357,332,501,400.7650313,S,2
wt_st_2,st,wt,560,377.743,323,430,400.7650313,S,2
wt_st_2,st,wt,1096,383.539,314,468,400.7650313,S,2
wt_st_2,st,wt,878,392.401,320,497,400.7650313,S,2
wt_st_2,st,wt,846,387.301,324,461,400.7650313,S,2
wt_st_2,st,wt,554,382.653,318,449,400.7650313,S,2
wt_st_2,st,wt,1106,402.854,326,516,400.7650313,S,2
wt_st_2,st,wt,1178,476.892,392,573,400.7650313,S,2
wt_st_2,st,wt,509,437.297,382,514,400.7650313,S,2
wt_st_2,st,wt,631,422.989,355,497,400.7650313,S,2
wt_st_2,st,wt,935,405.135,327,522,400.7650313,S,2
wt_st_2,st,wt,827,398.550,323,481,400.7650313,S,2
wt_st_2,st,wt,936,391.131,317,463,400.7650313,S,2
wt_st_2,st,wt,837,397.160,334,475,400.7650313,S,2
wt_st_2,st,wt,969,413.762,338,487,400.7650313,S,2
wt_st_2,st,wt,529,404.204,343,479,400.7650313,S,2
wt_st_2,st,wt,904,395.437,318,466,400.7650313,S,2
wt_st_2,st,wt,588,399.078,321,485,400.7650313,S,2
wt_st_2,st,wt,1041,399.678,324,463,400.7650313,S,2
wt_st_2,st,wt,871,402.397,335,488,400.7650313,S,2
wt_st_2,st,wt,970,405.762,322,467,400.7650313,S,2
wt_st_2,st,wt,820,401.613,336,464,400.7650313,S,2
wt_st_2,st,wt,806,397.653,326,480,400.7650313,S,2
wt_st_2,st,wt,839,419.538,321,513,400.7650313,S,2
wt_st_2,st,wt,1020,405.915,331,483,400.7650313,S,2
wt_st_2,st,wt,750,424.728,361,491,400.7650313,S,2
wt_st_2,st,wt,1178,415.424,347,504,400.7650313,S,2
wt_st_2,st,wt,704,416.206,347,486,400.7650313,S,2
wt_st_2,st,wt,996,413.420,344,499,400.7650313,S,2
wt_st_2,st,wt,720,410.275,347,481,400.7650313,S,2
wt_st_2,st,wt,628,415.817,328,523,400.7650313,S,2
wt_st_2,st,wt,956,412.054,340,485,400.7650313,S,2
wt_st_2,st,wt,940,391.153,318,457,400.7650313,S,2
wt_st_2,st,wt,642,403.682,342,483,400.7650313,S,2
wt_st_2,st,wt,908,413.118,329,486,400.7650313,S,2
wt_st_2,st,wt,820,423.459,357,543,400.7650313,S,2
wt_st_2,st,wt,530,418.774,359,488,400.7650313,S,2
wt_st_2,st,wt,662,401.150,322,474,400.7650313,S,2
wt_st_2,st,wt,1160,393.080,316,482,400.7650313,S,2
wt_st_2,st,wt,816,393.647,325,472,400.7650313,S,2
wt_st_2,st,wt,1188,394.481,330,471,400.7650313,S,2
wt_st_2,st,wt,1174,392.784,294,504,400.7650313,S,2
wt_st_2,st,wt,942,392.340,320,467,400.7650313,S,2
wt_st_2,st,wt,979,414.594,343,485,400.7650313,S,2
wt_st_2,st,wt,833,413.990,342,483,400.7650313,S,2
wt_st_2,st,wt,854,393.100,329,453,400.7650313,S,2
wt_st_2,st,wt,1161,387.589,318,455,400.7650313,S,2
wt_st_2,st,wt,802,413.218,309,488,400.7650313,S,2
wt_st_2,st,wt,711,410.028,332,496,400.7650313,S,2
wt_st_2,st,wt,1080,423.284,340,493,400.7650313,S,2
wt_st_2,st,wt,581,390.313,330,452,400.7650313,S,2
wt_st_2,st,wt,1003,399.446,316,483,400.7650313,S,2
wt_st_2,st,wt,1213,395.806,318,461,400.7650313,S,2
wt_st_2,st,wt,810,405.970,328,475,400.7650313,S,2
wt_st_2,st,wt,1143,414.943,345,492,400.7650313,S,2
wt_st_2,st,wt,754,420.981,342,483,400.7650313,S,2
wt_st_2,st,wt,624,425.532,361,490,400.7650313,S,2
wt_st_2,st,wt,697,426.796,325,502,400.7650313,S,2
wt_st_2,st,wt,1095,440.324,344,536,400.7650313,S,2
wt_st_2,st,wt,567,467.354,376,580,400.7650313,S,2
wt_st_2,st,wt,1127,438.998,358,538,400.7650313,S,2
wt_st_2,st,wt,556,460.725,377,526,400.7650313,S,2
wt_st_2,st,wt,1059,913.608,650,1422,400.7650313,S,2
wt_st_2,st,wt,986,432.371,366,525,400.7650313,S,2
wt_st_2,st,wt,618,419.421,336,502,400.7650313,S,2
wt_st_2,st,wt,594,413.189,347,487,400.7650313,S,2
wt_st_2,st,wt,846,418.388,353,496,400.7650313,S,2
wt_st_2,st,wt,1075,417.599,347,495,400.7650313,S,2
wt_st_2,st,wt,728,418.698,352,498,400.7650313,S,2
wt_st_2,st,wt,895,417.091,341,507,400.7650313,S,2
wt_st_2,st,wt,935,420.743,344,496,400.7650313,S,2
wt_st_2,st,wt,1448,426.951,333,503,400.7650313,S,2
wt_st_2,st,wt,601,436.328,370,537,400.7650313,S,2
wt_st_2,st,wt,741,447.300,384,527,400.7650313,S,2
wt_st_2,st,wt,1721,429.336,341,523,400.7650313,S,2
wt_st_2,st,wt,577,435.180,362,521,400.7650313,S,2
wt_st_2,st,wt,871,431.509,368,505,400.7650313,S,2
wt_st_2,st,wt,608,431.715,358,483,400.7650313,S,2
wt_st_2,st,wt,604,430.922,362,514,400.7650313,S,2
wt_st_2,st,wt,1072,434.666,349,526,400.7650313,S,2
wt_st_2,st,wt,588,433.095,371,493,400.7650313,S,2
wt_st_2,st,wt,724,425.544,349,504,400.7650313,S,2
wt_st_2,st,wt,819,428.347,347,489,400.7650313,S,2
wt_st_2,st,wt,1090,444.596,352,552,400.7650313,S,2
wt_st_2,st,wt,707,434.243,348,515,400.7650313,S,2
wt_st_2,st,wt,1106,431.765,343,518,400.7650313,S,2
wt_st_2,st,wt,710,434.158,359,516,400.7650313,S,2
wt_st_2,st,wt,754,440.842,357,509,400.7650313,S,2
wt_st_2,st,wt,1284,427.734,336,515,400.7650313,S,2
wt_st_2,st,wt,789,426.703,334,501,400.7650313,S,2
wt_st_2,st,wt,855,426.382,360,500,400.7650313,S,2
wt_st_2,st,wt,812,455.451,378,525,400.7650313,S,2
wt_st_2,st,wt,1005,467.120,384,552,400.7650313,S,2
wt_st_2,st,wt,1100,454.025,370,540,400.7650313,S,2
wt_st_2,st,wt,938,459.123,375,533,400.7650313,S,2
wt_st_2,st,wt,1024,565.161,442,732,400.7650313,S,2
wt_st_2,st,wt,707,569.867,475,703,400.7650313,S,2
wt_st_2,st,wt,943,455.757,368,553,400.7650313,S,2
wt_st_2,st,wt,543,448.221,357,500,400.7650313,S,2
wt_st_2,st,wt,601,461.444,387,535,400.7650313,S,2
wt_st_2,st,wt,864,449.088,363,528,400.7650313,S,2
wt_st_2,st,wt,1130,437.435,356,540,400.7650313,S,2
wt_st_2,st,wt,730,453.130,384,535,400.7650313,S,2
wt_st_2,st,wt,557,447.515,357,503,400.7650313,S,2
wt_st_2,st,wt,877,443.880,375,519,400.7650313,S,2
wt_st_2,st,wt,1188,440.029,334,522,400.7650313,S,2
wt_st_2,st,wt,867,420.800,347,486,400.7650313,S,2
wt_st_2,st,wt,1062,433.949,363,518,400.7650313,S,2
wt_st_2,st,wt,662,433.073,361,516,400.7650313,S,2
wt_st_2,st,wt,857,439.268,357,510,400.7650313,S,2
wt_st_2,st,wt,621,426.763,352,502,400.7650313,S,2
wt_st_2,st,wt,1013,430.389,343,506,400.7650313,S,2
wt_st_2,st,wt,717,425.941,338,523,400.7650313,S,2
wt_st_2,st,wt,875,421.616,345,495,400.7650313,S,2
wt_st_2,st,wt,567,426.296,361,512,400.7650313,S,2
wt_st_2,st,wt,604,424.781,368,494,400.7650313,S,2
drdr1_st_2,st,drdr1,1206,363.978,287,541,316.632,N,2
drdr1_st_2,st,drdr1,818,364.589,265,441,316.632,N,2
drdr1_st_2,st,drdr1,564,341.11,278,397,316.632,N,2
drdr1_st_2,st,drdr1,480,335.475,275,413,316.632,N,2
drdr1_st_2,st,drdr1,516,320.283,262,389,316.632,N,2
drdr1_st_2,st,drdr1,864,407.598,328,495,316.632,N,2
drdr1_st_2,st,drdr1,454,342.128,272,410,316.632,N,2
drdr1_st_2,st,drdr1,518,330.137,250,401,316.632,N,2
drdr1_st_2,st,drdr1,540,319.309,257,395,316.632,N,2
drdr1_st_2,st,drdr1,1010,327.73,271,386,316.632,N,2
drdr1_st_2,st,drdr1,766,321.308,255,390,316.632,N,2
drdr1_st_2,st,drdr1,660,334.539,250,405,316.632,N,2
drdr1_st_2,st,drdr1,1034,356.999,282,425,316.632,N,2
drdr1_st_2,st,drdr1,886,318.686,246,384,316.632,N,2
drdr1_st_2,st,drdr1,1050,298.891,241,356,316.632,N,2
drdr1_st_2,st,drdr1,724,336.852,275,413,316.632,N,2
drdr1_st_2,st,drdr1,950,314.123,246,383,316.632,N,2
drdr1_st_2,st,drdr1,1160,347.029,279,458,316.632,N,2
drdr1_st_2,st,drdr1,784,338.649,277,410,316.632,N,2
drdr1_st_2,st,drdr1,922,343.819,264,421,316.632,N,2
drdr1_st_2,st,drdr1,790,330.378,254,404,316.632,N,2
drdr1_st_2,st,drdr1,700,337.329,272,422,316.632,N,2
drdr1_st_2,st,drdr1,390,348.651,282,417,316.632,N,2
drdr1_st_2,st,drdr1,782,326.506,266,382,316.632,N,2
drdr1_st_2,st,drdr1,944,331.454,272,398,316.632,N,2
drdr1_st_2,st,drdr1,866,616.485,456,792,316.632,N,2
drdr1_st_2,st,drdr1,892,329.232,272,399,316.632,N,2
drdr1_st_2,st,drdr1,932,381.093,314,475,316.632,N,2
drdr1_st_2,st,drdr1,836,357.542,297,467,316.632,N,2
drdr1_st_2,st,drdr1,712,459.1,355,558,316.632,N,2
drdr1_st_2,st,drdr1,534,345.886,268,432,316.632,N,2
drdr1_st_2,st,drdr1,796,487.143,365,605,316.632,N,2
drdr1_st_2,st,drdr1,756,530.492,365,693,316.632,N,2
drdr1_st_2,st,drdr1,940,408.829,315,527,316.632,N,2
drdr1_st_2,st,drdr1,908,362.826,302,440,316.632,N,2
drdr1_st_2,st,drdr1,930,362.591,290,439,316.632,N,2
drdr1_st_2,st,drdr1,976,340.775,269,419,316.632,N,2
drdr1_st_2,st,drdr1,812,340.432,278,419,316.632,N,2
drdr1_st_2,st,drdr1,1206,314.218,244,381,316.632,N,2
drdr1_st_2,st,drdr1,930,334.14,262,422,316.632,N,2
drdr1_st_2,st,drdr1,920,326.498,264,396,316.632,N,2
drdr1_st_2,st,drdr1,702,437.167,333,526,316.632,N,2
drdr1_st_2,st,drdr1,750,327.756,256,410,316.632,N,2
drdr1_st_2,st,drdr1,826,337.344,277,401,316.632,N,2
drdr1_st_2,st,drdr1,704,334.669,257,408,316.632,N,2
drdr1_st_2,st,drdr1,1014,348.394,281,422,316.632,N,2
drdr1_st_2,st,drdr1,1054,373.566,306,456,316.632,N,2
drdr1_st_2,st,drdr1,1034,386.565,317,462,316.632,N,2
drdr1_st_2,st,drdr1,922,360.659,292,442,316.632,N,2
drdr1_st_2,st,drdr1,1106,375.564,303,458,316.632,N,2
drdr1_st_2,st,drdr1,772,338.596,277,405,316.632,N,2
drdr1_st_2,st,drdr1,508,346.413,266,440,316.632,N,2
drdr1_st_2,st,drdr1,828,351.813,287,431,316.632,N,2
drdr1_st_2,st,drdr1,468,333.929,263,383,316.632,N,2
drdr1_st_2,st,drdr1,884,353.785,295,443,316.632,N,2
drdr1_st_2,st,drdr1,660,358.341,296,455,316.632,N,2
drdr1_st_2,st,drdr1,580,374.186,288,454,316.632,N,2
drdr1_st_2,st,drdr1,1160,360.308,300,425,316.632,N,2
drdr1_st_2,st,drdr1,1168,356.292,276,436,316.632,N,2
drdr1_st_2,st,drdr1,730,354.229,288,436,316.632,N,2
drdr1_st_2,st,drdr1,722,363.1,292,459,316.632,N,2
drdr1_st_2,st,drdr1,972,383.131,317,453,316.632,N,2
drdr1_st_2,st,drdr1,1192,363.142,295,453,316.632,N,2
drdr1_st_2,st,drdr1,642,357.358,289,424,316.632,N,2
drdr1_st_2,st,drdr1,712,354.39,294,430,316.632,N,2
drdr1_st_2,st,drdr1,942,513.933,409,667,316.632,N,2
drdr1_st_2,st,drdr1,762,467.84,363,621,316.632,N,2
drdr1_st_2,st,drdr1,636,363.807,302,432,316.632,N,2
drdr1_st_2,st,drdr1,918,358.243,288,426,316.632,N,2
drdr1_st_2,st,drdr1,556,352.239,298,414,316.632,N,2
drdr1_st_2,st,drdr1,1032,367.66,302,474,316.632,N,2
drdr1_st_2,st,drdr1,746,350.838,300,416,316.632,N,2
drdr1_st_2,st,drdr1,830,354.771,283,427,316.632,N,2
drdr1_st_2,st,drdr1,1054,380.793,295,444,316.632,N,2
drdr1_st_2,st,drdr1,984,367.6,293,451,316.632,N,2
drdr1_st_2,st,drdr1,988,368.805,288,448,316.632,N,2
drdr1_st_2,st,drdr1,746,346.582,271,422,316.632,N,2
drdr1_st_2,st,drdr1,1012,368.039,300,444,316.632,N,2
drdr1_st_2,st,drdr1,692,352.455,301,415,316.632,N,2
drdr1_st_2,st,drdr1,832,338.95,267,406,316.632,N,2
drdr1_st_2,st,drdr1,900,367.272,304,431,316.632,N,2
drdr1_st_2,st,drdr1,756,375.911,310,457,316.632,N,2
drdr1_st_2,st,drdr1,996,357.282,295,424,316.632,N,2
drdr1_st_2,st,drdr1,860,353.885,286,444,316.632,N,2
drdr1_st_2,st,drdr1,1156,359.647,274,439,316.632,N,2
drdr1_st_2,st,drdr1,740,336.149,263,405,316.632,N,2
drdr1_st_2,st,drdr1,800,345.55,271,427,316.632,N,2
drdr1_st_2,st,drdr1,1098,359.387,284,434,316.632,N,2
drdr1_st_2,st,drdr1,734,353.992,296,459,316.632,N,2
drdr1_st_2,st,drdr1,1002,341.02,266,420,316.632,N,2
drdr1_st_2,st,drdr1,1136,342.974,274,450,316.632,N,2
drdr1_st_2,st,drdr1,1050,351.622,285,426,316.632,N,2
drdr1_st_2,st,drdr1,866,346.242,288,426,316.632,N,2
drdr1_st_2,st,drdr1,788,344.786,279,409,316.632,N,2
drdr1_st_2,st,drdr1,662,351.017,279,417,316.632,N,2
drdr1_st_2,st,drdr1,560,442.789,352,601,316.632,N,2
drdr1_st_2,st,drdr1,796,546.665,427,696,316.632,N,2
drdr1_st_2,st,drdr1,802,354.808,262,443,316.632,N,2
drdr1_st_2,st,drdr1,1150,323.65,251,425,316.632,N,2
drdr1_st_2,st,drdr1,814,340.66,264,401,316.632,N,2
drdr1_st_2,st,drdr1,990,326.127,264,394,316.632,N,2
drdr1_st_2,st,drdr1,710,331.135,266,408,316.632,N,2
drdr1_st_2,st,drdr1,910,326.779,252,408,316.632,N,2
drdr1_st_2,st,drdr1,924,337.694,266,406,316.632,N,2
drdr1_st_2,st,drdr1,1178,316.559,255,376,316.632,N,2
drdr1_st_2,st,drdr1,938,314.504,242,395,316.632,N,2
PDR5-GFP_st_1,st,wt,652,398.403,325,480,442.868,N,2
PDR5-GFP_st_1,st,wt,732,387.448,317,456,442.868,N,2
PDR5-GFP_st_1,st,wt,892,400.849,323,471,442.868,N,2
PDR5-GFP_st_1,st,wt,996,404.37,322,481,442.868,N,2
PDR5-GFP_st_1,st,wt,892,405.261,341,482,442.868,N,2
PDR5-GFP_st_1,st,wt,588,409.383,335,492,442.868,N,2
PDR5-GFP_st_1,st,wt,756,410.336,352,484,442.868,N,2
PDR5-GFP_st_1,st,wt,812,410.011,306,484,442.868,N,2
PDR5-GFP_st_1,st,wt,740,393.746,321,485,442.868,N,2
PDR5-GFP_st_1,st,wt,676,411.04,337,475,442.868,N,2
PDR5-GFP_st_1,st,wt,948,425.524,333,518,442.868,N,2
PDR5-GFP_st_1,st,wt,804,436.399,367,510,442.868,N,2
PDR5-GFP_st_1,st,wt,1132,424.306,341,513,442.868,N,2
PDR5-GFP_st_1,st,wt,988,483.784,391,664,442.868,N,2
PDR5-GFP_st_1,st,wt,1036,433.361,355,564,442.868,N,2
PDR5-GFP_st_1,st,wt,1188,438.648,326,535,442.868,N,2
PDR5-GFP_st_1,st,wt,988,448.272,372,612,442.868,N,2
PDR5-GFP_st_1,st,wt,684,415.817,336,492,442.868,N,2
PDR5-GFP_st_1,st,wt,796,430.675,343,514,442.868,N,2
PDR5-GFP_st_1,st,wt,724,436.743,366,507,442.868,N,2
PDR5-GFP_st_1,st,wt,990,571.983,423,804,442.868,N,2
PDR5-GFP_st_1,st,wt,912,478.032,373,606,442.868,N,2
PDR5-GFP_st_1,st,wt,1088,441.619,362,558,442.868,N,2
PDR5-GFP_st_1,st,wt,660,443.371,369,535,442.868,N,2
PDR5-GFP_st_1,st,wt,468,443.754,356,553,442.868,N,2
PDR5-GFP_st_1,st,wt,772,442.193,348,565,442.868,N,2
PDR5-GFP_st_1,st,wt,788,435.766,359,522,442.868,N,2
PDR5-GFP_st_1,st,wt,948,434.5,348,502,442.868,N,2
PDR5-GFP_st_1,st,wt,732,413.145,348,481,442.868,N,2
PDR5-GFP_st_1,st,wt,556,408.586,353,498,442.868,N,2
PDR5-GFP_st_1,st,wt,788,400.783,320,463,442.868,N,2
PDR5-GFP_st_1,st,wt,868,413.707,355,514,442.868,N,2
PDR5-GFP_st_1,st,wt,628,425.715,350,503,442.868,N,2
PDR5-GFP_st_1,st,wt,596,419.928,351,498,442.868,N,2
PDR5-GFP_st_1,st,wt,556,405.919,303,477,442.868,N,2
PDR5-GFP_st_1,st,wt,876,394.1,283,456,442.868,N,2
PDR5-GFP_st_1,st,wt,1012,419.654,341,496,442.868,N,2
PDR5-GFP_st_1,st,wt,868,421.304,345,499,442.868,N,2
PDR5-GFP_st_1,st,wt,772,420.946,347,533,442.868,N,2
PDR5-GFP_st_1,st,wt,812,419.597,362,517,442.868,N,2
PDR5-GFP_st_1,st,wt,924,421.451,341,534,442.868,N,2
PDR5-GFP_st_1,st,wt,908,425.952,343,524,442.868,N,2
PDR5-GFP_st_1,st,wt,940,438.484,363,529,442.868,N,2
PDR5-GFP_st_1,st,wt,788,442.223,374,530,442.868,N,2
PDR5-GFP_st_1,st,wt,596,425.737,351,486,442.868,N,2
PDR5-GFP_st_1,st,wt,940,419.106,360,476,442.868,N,2
PDR5-GFP_st_1,st,wt,596,421.129,348,477,442.868,N,2
PDR5-GFP_st_1,st,wt,884,429.586,326,496,442.868,N,2
PDR5-GFP_st_1,st,wt,836,425.953,351,483,442.868,N,2
PDR5-GFP_st_1,st,wt,1148,429.47,356,509,442.868,N,2
PDR5-GFP_st_1,st,wt,1438,428.08,337,503,442.868,N,2
PDR5-GFP_st_1,st,wt,628,432.433,360,502,442.868,N,2
PDR5-GFP_st_1,st,wt,1124,436.368,354,524,442.868,N,2
PDR5-GFP_st_1,st,wt,820,438.833,363,518,442.868,N,2
PDR5-GFP_st_1,st,wt,924,436.758,347,525,442.868,N,2
PDR5-GFP_st_1,st,wt,564,436.605,358,517,442.868,N,2
PDR5-GFP_st_1,st,wt,892,438.315,358,510,442.868,N,2
PDR5-GFP_st_1,st,wt,1020,426.561,353,492,442.868,N,2
PDR5-GFP_st_1,st,wt,756,428.876,361,505,442.868,N,2
PDR5-GFP_st_1,st,wt,972,445.229,378,526,442.868,N,2
PDR5-GFP_st_1,st,wt,892,442.781,371,522,442.868,N,2
PDR5-GFP_st_1,st,wt,1140,444.173,370,534,442.868,N,2
PDR5-GFP_st_1,st,wt,900,443.201,348,530,442.868,N,2
PDR5-GFP_st_1,st,wt,1092,439.334,364,516,442.868,N,2
PDR5-GFP_st_1,st,wt,332,437.464,371,497,442.868,N,2
PDR5-GFP_st_1,st,wt,988,441.119,367,562,442.868,N,2
PDR5-GFP_st_1,st,wt,972,437.019,370,517,442.868,N,2
PDR5-GFP_st_1,st,wt,396,445.29,375,519,442.868,N,2
PDR5-GFP_st_1,st,wt,940,442.323,355,538,442.868,N,2
PDR5-GFP_st_1,st,wt,908,427.791,354,501,442.868,N,2
PDR5-GFP_st_1,st,wt,812,422.071,348,501,442.868,N,2
PDR5-GFP_st_1,st,wt,924,420.411,347,508,442.868,N,2
PDR5-GFP_st_1,st,wt,1036,429.336,341,518,442.868,N,2
PDR5-GFP_st_1,st,wt,716,481.306,361,602,442.868,N,2
PDR5-GFP_st_1,st,wt,612,431.224,366,496,442.868,N,2
PDR5-GFP_st_1,st,wt,876,445.912,352,538,442.868,N,2
PDR5-GFP_st_1,st,wt,674,445.969,367,525,442.868,N,2
PDR5-GFP_st_1,st,wt,1334,467.269,373,564,442.868,N,2
PDR5-GFP_st_1,st,wt,694,459.903,363,535,442.868,N,2
PDR5-GFP_st_1,st,wt,1026,441.192,355,526,442.868,N,2
PDR5-GFP_st_1,st,wt,740,441.799,366,516,442.868,N,2
PDR5-GFP_st_1,st,wt,608,439.762,363,525,442.868,N,2
PDR5-GFP_st_1,st,wt,532,436.686,347,504,442.868,N,2
PDR5-GFP_st_1,st,wt,796,435.335,366,552,442.868,N,2
PDR5-GFP_st_1,st,wt,836,433.843,363,518,442.868,N,2
PDR5-GFP_st_1,st,wt,602,432.331,348,519,442.868,N,2
PDR5-GFP_st_1,st,wt,994,432.869,360,524,442.868,N,2
PDR5-GFP_st_1,st,wt,894,430.69,348,502,442.868,N,2
PDR5-GFP_st_1,st,wt,876,428.622,348,515,442.868,N,2
PDR5-GFP_st_1,st,wt,826,428.403,327,527,442.868,N,2
PDR5-GFP_st_1,st,wt,782,432.968,361,505,442.868,N,2
PDR5-GFP_st_1,st,wt,882,434.59,355,533,442.868,N,2
PDR5-GFP_st_1,st,wt,736,441.048,357,512,442.868,N,2
PDR5-GFP_st_1,st,wt,884,443.974,377,535,442.868,N,2
PDR5-GFP_st_1,st,wt,980,444.171,347,529,442.868,N,2
PDR5-GFP_st_1,st,wt,780,458.959,390,553,442.868,N,2
PDR5-GFP_st_1,st,wt,990,474.353,374,574,442.868,N,2
PDR5-GFP_st_1,st,wt,814,455.273,371,532,442.868,N,2
PDR5-GFP_st_1,st,wt,922,458.472,361,555,442.868,N,2
PDR5-GFP_st_1,st,wt,646,440.354,361,504,442.868,N,2
PDR5-GFP_st_1,st,wt,792,421.92,328,509,442.868,N,2
PDR5-GFP_st_1,st,wt,582,420.227,341,485,442.868,N,2
PDR5-GFP_st_1,st,wt,690,438.693,335,495,442.868,N,2
PDR5-GFP_st_1,st,wt,634,516.89,424,649,442.868,N,2
PDR5-GFP_st_1,st,wt,840,533.044,387,760,442.868,N,2
PDR5-GFP_st_1,st,wt,686,1066.885,752,1447,442.868,N,2
PDR5-GFP_st_1,st,wt,1142,1248.873,815,1601,442.868,N,2
PDR5-GFP_st_1,st,wt,1140,463.034,376,543,442.868,N,2
PDR5-GFP_st_1,st,wt,882,379.694,311,496,442.868,N,2
PDR5-GFP_st_1,st,wt,676,443.447,374,502,442.868,N,2
PDR5-GFP_st_1,st,wt,1052,453.209,368,536,442.868,N,2
PDR5-GFP_st_1,st,wt,720,440.879,357,529,442.868,N,2
PDR5-GFP_st_1,st,wt,698,440.911,344,527,442.868,N,2
PDR5-GFP_st_1,st,wt,626,448.062,384,542,442.868,N,2
PDR5-GFP_st_3,st,wt,548,401.67,337,464,413.469,N,2
PDR5-GFP_st_3,st,wt,1132,403.156,329,486,413.469,N,2
PDR5-GFP_st_3,st,wt,708,424.852,352,507,413.469,N,2
PDR5-GFP_st_3,st,wt,644,402.343,331,491,413.469,N,2
PDR5-GFP_st_3,st,wt,684,378.129,308,441,413.469,N,2
PDR5-GFP_st_3,st,wt,700,376.164,295,453,413.469,N,2
PDR5-GFP_st_3,st,wt,692,378.604,325,446,413.469,N,2
PDR5-GFP_st_3,st,wt,476,371.924,294,440,413.469,N,2
PDR5-GFP_st_3,st,wt,668,381.332,304,449,413.469,N,2
PDR5-GFP_st_3,st,wt,708,384.6,315,485,413.469,N,2
PDR5-GFP_st_3,st,wt,660,389.309,312,458,413.469,N,2
PDR5-GFP_st_3,st,wt,668,387.644,298,473,413.469,N,2
PDR5-GFP_st_3,st,wt,1044,393.128,298,461,413.469,N,2
PDR5-GFP_st_3,st,wt,860,395.481,329,467,413.469,N,2
PDR5-GFP_st_3,st,wt,892,400.753,334,469,413.469,N,2
PDR5-GFP_st_3,st,wt,676,403.59,344,470,413.469,N,2
PDR5-GFP_st_3,st,wt,964,402.388,339,499,413.469,N,2
PDR5-GFP_st_3,st,wt,900,382.597,314,447,413.469,N,2
PDR5-GFP_st_3,st,wt,676,377.713,308,435,413.469,N,2
PDR5-GFP_st_3,st,wt,668,382.022,300,463,413.469,N,2
PDR5-GFP_st_3,st,wt,612,383.944,325,476,413.469,N,2
PDR5-GFP_st_3,st,wt,516,382.605,315,453,413.469,N,2
PDR5-GFP_st_3,st,wt,1276,403.868,327,504,413.469,N,2
PDR5-GFP_st_3,st,wt,1356,407.808,339,491,413.469,N,2
PDR5-GFP_st_3,st,wt,868,403.598,327,496,413.469,N,2
PDR5-GFP_st_3,st,wt,764,403.895,335,465,413.469,N,2
PDR5-GFP_st_3,st,wt,580,397.74,318,465,413.469,N,2
PDR5-GFP_st_3,st,wt,708,396.11,320,477,413.469,N,2
PDR5-GFP_st_3,st,wt,1084,407.227,335,496,413.469,N,2
PDR5-GFP_st_3,st,wt,988,398.597,335,468,413.469,N,2
PDR5-GFP_st_3,st,wt,612,401.727,329,460,413.469,N,2
PDR5-GFP_st_3,st,wt,644,468.561,376,564,413.469,N,2
PDR5-GFP_st_3,st,wt,708,400.459,334,480,413.469,N,2
PDR5-GFP_st_3,st,wt,820,402.785,325,489,413.469,N,2
PDR5-GFP_st_3,st,wt,940,400.615,328,481,413.469,N,2
PDR5-GFP_st_3,st,wt,868,405.694,309,493,413.469,N,2
PDR5-GFP_st_3,st,wt,684,402.126,337,490,413.469,N,2
PDR5-GFP_st_3,st,wt,844,400.271,336,462,413.469,N,2
PDR5-GFP_st_3,st,wt,948,405.239,336,472,413.469,N,2
PDR5-GFP_st_3,st,wt,940,404.278,324,495,413.469,N,2
PDR5-GFP_st_3,st,wt,1060,413.85,327,543,413.469,N,2
PDR5-GFP_st_3,st,wt,788,412.94,340,516,413.469,N,2
PDR5-GFP_st_3,st,wt,660,419.555,337,490,413.469,N,2
PDR5-GFP_st_3,st,wt,812,429.334,348,559,413.469,N,2
PDR5-GFP_st_3,st,wt,596,403.005,344,466,413.469,N,2
PDR5-GFP_st_3,st,wt,780,402.147,311,472,413.469,N,2
PDR5-GFP_st_3,st,wt,724,404.291,335,492,413.469,N,2
PDR5-GFP_st_3,st,wt,796,411.013,353,488,413.469,N,2
PDR5-GFP_st_3,st,wt,836,412.447,336,473,413.469,N,2
PDR5-GFP_st_3,st,wt,420,428.145,355,487,413.469,N,2
PDR5-GFP_st_3,st,wt,788,422.477,347,503,413.469,N,2
PDR5-GFP_st_3,st,wt,1020,432.443,352,523,413.469,N,2
PDR5-GFP_st_3,st,wt,540,426.38,349,506,413.469,N,2
PDR5-GFP_st_3,st,wt,764,470.123,377,595,413.469,N,2
PDR5-GFP_st_3,st,wt,524,445.315,373,532,413.469,N,2
PDR5-GFP_st_3,st,wt,892,851.103,575,1300,413.469,N,2
PDR5-GFP_st_3,st,wt,572,928.166,744,1178,413.469,N,2
PDR5-GFP_st_3,st,wt,692,430.058,329,615,413.469,N,2
PDR5-GFP_st_3,st,wt,756,419.468,333,481,413.469,N,2
PDR5-GFP_st_3,st,wt,652,403.291,337,500,413.469,N,2
PDR5-GFP_st_3,st,wt,620,404.469,332,466,413.469,N,2
PDR5-GFP_st_3,st,wt,644,400.194,334,486,413.469,N,2
PDR5-GFP_st_3,st,wt,508,403.112,333,501,413.469,N,2
PDR5-GFP_st_3,st,wt,580,402.795,341,464,413.469,N,2
PDR5-GFP_st_3,st,wt,708,404.482,331,488,413.469,N,2
PDR5-GFP_st_3,st,wt,556,412.113,352,474,413.469,N,2
PDR5-GFP_st_3,st,wt,916,444.976,370,565,413.469,N,2
PDR5-GFP_st_3,st,wt,644,446.416,337,566,413.469,N,2
PDR5-GFP_st_3,st,wt,676,407.627,344,490,413.469,N,2
PDR5-GFP_st_3,st,wt,900,415.458,332,503,413.469,N,2
PDR5-GFP_st_3,st,wt,476,418.569,357,495,413.469,N,2
PDR5-GFP_st_3,st,wt,924,409.784,314,482,413.469,N,2
PDR5-GFP_st_3,st,wt,700,403.136,342,461,413.469,N,2
PDR5-GFP_st_3,st,wt,596,400.983,340,465,413.469,N,2
PDR5-GFP_st_3,st,wt,580,400.336,320,466,413.469,N,2
PDR5-GFP_st_3,st,wt,908,407.989,348,474,413.469,N,2
PDR5-GFP_st_3,st,wt,676,421.127,344,524,413.469,N,2
PDR5-GFP_st_3,st,wt,764,409.874,336,485,413.469,N,2
PDR5-GFP_st_3,st,wt,978,494.28,396,631,413.469,N,2
PDR5-GFP_st_3,st,wt,934,460.277,384,572,413.469,N,2
PDR5-GFP_st_3,st,wt,1088,409.281,342,481,413.469,N,2
PDR5-GFP_st_3,st,wt,1046,414.354,340,496,413.469,N,2
PDR5-GFP_st_3,st,wt,778,415.837,339,479,413.469,N,2
PDR5-GFP_st_3,st,wt,952,403.226,327,491,413.469,N,2
PDR5-GFP_st_3,st,wt,1242,403.385,321,485,413.469,N,2
PDR5-GFP_st_3,st,wt,958,412.29,349,504,413.469,N,2
PDR5-GFP_st_3,st,wt,618,406.241,342,469,413.469,N,2
PDR5-GFP_st_3,st,wt,830,407.618,338,515,413.469,N,2
PDR5-GFP_st_3,st,wt,798,407.192,330,483,413.469,N,2
PDR5-GFP_st_3,st,wt,680,410.869,333,479,413.469,N,2
PDR5-GFP_st_3,st,wt,962,408.817,321,494,413.469,N,2
PDR5-GFP_st_3,st,wt,924,409.14,320,487,413.469,N,2
PDR5-GFP_st_3,st,wt,1298,405.157,334,485,413.469,N,2
PDR5-GFP_st_3,st,wt,1058,412.676,325,502,413.469,N,2
PDR5-GFP_st_3,st,wt,1274,412.699,335,505,413.469,N,2
PDR5-GFP_st_3,st,wt,828,435.144,347,584,413.469,N,2
PDR5-GFP_st_3,st,wt,792,527.145,414,651,413.469,N,2
PDR5-GFP_st_3,st,wt,496,517.002,414,630,413.469,N,2
PDR5-GFP_st_3,st,wt,950,423.273,344,492,413.469,N,2
PDR5-GFP_st_3,st,wt,1042,425.187,344,506,413.469,N,2
PDR5-GFP_st_3,st,wt,754,420.533,320,500,413.469,N,2
PDR5-GFP_st_3,st,wt,946,425.811,347,489,413.469,N,2
PDR5-GFP_st_3,st,wt,904,419.597,314,501,413.469,N,2
PDR5-GFP_st_3,st,wt,558,431.306,369,484,413.469,N,2
PDR5-GFP_st_3,st,wt,750,438.051,376,517,413.469,N,2
PDR5-GFP_st_3,st,wt,684,486.842,400,617,413.469,N,2
PDR5-GFP_st_3,st,wt,1118,458.742,348,585,413.469,N,2
PDR5-GFP_st_3,st,wt,1034,463.619,396,559,413.469,N,2
PDR5-GFP_st_3,st,wt,658,432.792,340,523,413.469,N,2
PDR5-GFP_st_3,st,wt,600,506.307,372,699,413.469,N,2
PDR5-GFP_st_3,st,wt,708,495.798,408,593,413.469,N,2
PDR5-GFP_st_3,st,wt,872,519.571,422,692,413.469,N,2
PDR5-GFP_st_3,st,wt,1226,438.179,356,553,413.469,N,2
PDR5-GFP_st_3,st,wt,628,427.374,359,506,413.469,N,2
PDR5-GFP_st_3,st,wt,810,427.863,356,493,413.469,N,2
PDR5-GFP_st_3,st,wt,638,433.575,367,514,413.469,N,2
PDR5-GFP_st_3,st,wt,938,438.708,349,532,413.469,N,2
PDR5-GFP_st_3,st,wt,938,440.373,367,520,413.469,N,2
PDR5-GFP_st_3,st,wt,848,457.867,389,561,413.469,N,2
PDR5-GFP_st_3,st,wt,760,442.182,368,516,413.469,N,2
PDR5-GFP_st_3,st,wt,776,432.549,361,506,413.469,N,2
PDR5-GFP_st_3,st,wt,626,438.353,360,520,413.469,N,2
PDR5-GFP_st_3,st,wt,692,456.058,370,559,413.469,N,2
PDR5-GFP_st_3,st,wt,1066,420.788,334,522,413.469,N,2
PDR5-GFP_st_3,st,wt,1098,426.249,303,522,413.469,N,2
PDR5-GFP_st_3,st,wt,1078,445.444,347,670,413.469,N,2
PDR5-GFP_st_3,st,wt,952,439.879,321,550,413.469,N,2
PDR5-GFP_st_3,st,wt,770,417.906,356,503,413.469,N,2
PDR5-GFP_st_3,st,wt,772,463.399,384,573,413.469,N,2
PDR5-GFP_st_3,st,wt,900,2096.059,1132,4091,413.469,N,2
PDR5-GFP_st_3,st,wt,566,1782.952,1032,2558,413.469,N,2
PDR5-GFP_st_3,st,wt,1066,549.092,397,799,413.469,N,2
PDR5-GFP_st_3,st,wt,830,433.702,368,510,413.469,N,2
PDR5-GFP_st_3,st,wt,612,435.286,355,505,413.469,N,2
PDR5-GFP_st_3,st,wt,700,430.83,361,524,413.469,N,2
PDR5-GFP_st_3,st,wt,644,449.486,373,521,413.469,N,2
PDR5-GFP_st_3,st,wt,740,573.172,431,701,413.469,N,2
PDR5-GFP_st_3,st,wt,588,503.386,419,597,413.469,N,2
PDR5-GFP_st_3,st,wt,532,512.083,406,607,413.469,N,2
PDR5-GFP_st_3,st,wt,636,454.061,380,527,413.469,N,2
PDR5-GFP_st_3,st,wt,460,582.926,488,712,413.469,N,2
PDR5-GFP_st_3,st,wt,964,515.296,409,633,413.469,N,2
PDR5-GFP_st_3,st,wt,772,464.245,372,589,413.469,N,2
PDR5-GFP_st_3,st,wt,812,452.808,341,528,413.469,N,2
PDR5-GFP_st_3,st,wt,756,430.938,343,513,413.469,N,2
PDR5-GFP_st_3,st,wt,988,445.67,363,529,413.469,N,2
PDR5-GFP_st_3,st,wt,596,438.978,364,540,413.469,N,2
PDR5-GFP_st_3,st,wt,652,428.722,362,498,413.469,N,2
PDR5-GFP_st_3,st,wt,932,422.936,331,505,413.469,N,2
PDR5-GFP_st_3,st,wt,740,429.031,349,507,413.469,N,2
PDR5-GFP_st_3,st,wt,716,420.56,344,528,413.469,N,2
rho0_st_2,st,rho0,908,289.578,185,646,202.207,N,2
rho0_st_2,st,rho0,830,1048.018,527,1630,202.207,N,2
rho0_st_2,st,rho0,584,880.705,503,1277,202.207,N,2
rho0_st_2,st,rho0,648,208.784,139,275,202.207,N,2
rho0_st_2,st,rho0,1358,504.946,311,939,202.207,N,2
rho0_st_2,st,rho0,750,751.411,451,1144,202.207,N,2
rho0_st_2,st,rho0,728,595.772,352,878,202.207,N,2
rho0_st_2,st,rho0,476,451.731,325,597,202.207,N,2
rho0_st_2,st,rho0,1002,489.526,327,667,202.207,N,2
rho0_st_2,st,rho0,1020,568.421,310,884,202.207,N,2
rho0_st_2,st,rho0,608,628.574,368,1016,202.207,N,2
rho0_st_2,st,rho0,1142,355.369,229,540,202.207,N,2
